,,,,,,,,Federal Housing Finance Agency
,,,,,,,,www.fhfa.gov
,,,,,,,,
TABLE 16:  TERMS ON CONVENTIONAL SINGLE-FAMILY MORTGAGES BY SELECTED LARGE METROPOLITAN AREA,,,,,,,,
,,,,,,,,
,,,,,,,,
,,,,,,,,
Metropolitan,Year,Contract,Initial,Effective,Term,Purchase,Loan-,Adjustable-
Area,,Interest,Fees,Interest,to,Price,to-Price,Rate
(Short Names),,Rate,and,Rate,Maturity,($000),Ratio,Loans
,,(%),Charges,(%),,,(%),(%)
,,,(%),,,,,
,,,,,,,,
,,,,,,,,
Atlanta,1978,9.31,2.41,9.71,28.90,58.50,78.50,N/A*
Atlanta,1979,10.43,2.59,10.89,29.10,70.00,76.90,N/A*
Atlanta,1980,12.35,2.58,12.84,29.00,81.80,75.10,N/A*
Atlanta,1981,13.97,2.89,14.58,28.90,88.30,75.60,N/A*
Atlanta,1982,14.52,3.80,15.42,26.80,96.00,76.50,N/A*
Atlanta,1983,12.35,2.85,12.90,28.70,97.50,79.70,N/A*
Atlanta,1984,11.81,2.83,12.34,28.70,98.30,82.30,N/A*
Atlanta,1985,10.52,3.30,11.11,28.20,106.70,81.70,N/A*
Atlanta,1986,9.60,2.53,10.03,28.00,119.80,80.00,17
Atlanta,1987,8.67,2.40,9.06,28.40,131.10,78.30,40
Atlanta,1988,8.73,2.43,9.13,29.00,141.30,79.38,61
Atlanta,1989,9.62,2.39,10.02,28.50,152.80,77.10,31
Atlanta,1990,9.52,2.39,9.92,28.80,158.10,79.50,23
Atlanta,1991,9.04,2.13,9.39,29.10,141.90,79.20,15
Atlanta,1992,7.82,1.96,8.15,26.60,144.00,82.00,13
Atlanta,1993,6.93,1.33,7.14,27.20,142.00,81.50,12
Atlanta,1994,7.42,1.25,7.62,28.00,145.10,83.70,38
Atlanta,1995,7.55,1.21,7.74,28.40,154.70,82.80,39
Atlanta,1996,7.44,1.04,7.60,27.90,140.40,83.70,14
Atlanta,1997,7.51,1.01,7.66,28.20,168.80,82.70,17
Atlanta,1998,6.94,0.89,7.08,28.30,181.90,82.00,9
Atlanta,1999,7.27,0.75,7.38,28.80,201.50,82.50,19
Atlanta,2000,7.93,0.59,8.02,29.10,206.50,80.80,21
Atlanta,2001,6.90,0.46,6.97,28.10,210.30,78.00,11
Atlanta,2002,6.43,0.41,6.49,27.70,213.70,77.50,16
Atlanta,2003,5.69,0.31,5.74,26.80,223.90,73.50,18
Atlanta,2004,5.62,0.35,5.67,27.97,235.22,75.37,44
Atlanta,2005,5.85,0.37,5.90,28.88,245.50,78.08,40
Atlanta,2006,6.55,0.43,6.61,29.57,245.61,80.77,26
Atlanta,2007,6.36,0.50,6.43,30.01,248.59,84.60,13
Atlanta,2008,6.06,0.77,6.18,29.10,212.90,81.40,N/A*
Atlanta,2009,4.96,0.88,5.08,28.80,296.30,76.45,N/A*
Atlanta,2010,4.74,1.07,4.89,28.60,300.43,75.80,N/A*
Atlanta,2011,4.51,1.24,4.69,28.48,298.73,78.77,N/A*
Atlanta,2012,3.64,1.07,3.78,27.81,326.14,79.60,N/A*
Atlanta,2013,3.80,1.05,3.94,27.73,341.51,80.53,N/A*
Atlanta,2014,4.10,1.06,4.25,28.16,370.47,80.44,N/A*
Atlanta,2015,3.81,1.07,3.96,28.48,409.04,79.70,N/A*
Atlanta,2016,3.69,1.16,3.84,28.96,418.52,81.63,N/A*
Atlanta,2017,4.02,1.12,4.17,28.70,395.52,81.52,N/A*
Atlanta,2018,4.54,0.77,4.65,28.62,402.16,80.55,N/A*
Baltimore,1978,9.42,0.14,9.44,28.60,58.40,75.30,N/A*
Baltimore,1979,10.50,0.23,10.54,28.90,65.30,73.20,N/A*
Baltimore,1980,12.24,1.06,12.44,28.70,69.50,74.10,N/A*
Baltimore,1981,14.14,1.64,14.48,28.30,82.50,75.00,N/A*
Baltimore,1982,14.60,2.75,15.18,28.60,76.60,76.80,N/A*
Baltimore,1983,12.29,2.12,12.68,28.60,79.60,79.10,N/A*
Baltimore,1984,11.93,2.50,12.40,28.00,84.50,81.40,N/A*
Baltimore,1985,11.21,2.91,11.76,25.00,101.40,76.20,N/A*
Baltimore,1986,9.86,2.59,10.31,26.20,123.70,75.10,13
Baltimore,1987,8.96,2.57,9.39,27.40,125.40,76.30,26
Baltimore,1988,8.96,2.44,9.36,28.40,142.40,76.65,49
Baltimore,1989,9.63,2.53,10.05,28.20,159.50,75.80,31
Baltimore,1990,9.60,2.68,10.06,28.30,155.10,74.98,15
Baltimore,1991,8.93,2.23,9.31,26.80,163.20,74.70,15
Baltimore,1992,7.84,1.90,8.17,26.70,168.40,80.70,8
Boston,1978,8.93,0.48,9.02,25.20,58.10,71.90,N/A*
Boston,1979,10.80,1.64,11.10,26.20,65.90,72.20,N/A*
Boston,1980,12.98,2.12,13.39,27.40,70.50,71.90,N/A*
Boston,1981,15.75,1.77,16.13,28.20,77.50,71.50,N/A*
Boston,1982,15.75,2.19,16.22,27.80,77.50,71.10,N/A*
Boston,1983,12.84,2.12,13.25,27.90,91.00,71.00,N/A*
Boston,1984,12.80,1.86,13.15,27.70,102.50,72.20,N/A*
Boston,1985,11.71,1.78,12.04,26.40,127.30,68.80,N/A*
Boston,1986,9.98,1.83,10.29,27.60,153.40,66.70,38
Boston,1987,8.97,1.58,9.22,29.10,186.20,69.10,57
Boston,1988,9.12,1.65,9.39,29.50,195.70,72.70,66
Boston,1989,9.96,1.85,10.27,29.40,176.70,74.00,22
Boston,1990,9.75,1.64,10.02,29.10,168.70,74.70,27
Boston,1991,9.10,1.76,9.40,28.40,159.80,77.10,21
Boston,1992,8.11,1.86,8.42,27.70,170.50,78.10,14
Boston,1993,7.06,1.26,7.26,26.80,172.20,77.60,14
Boston,1994,7.48,1.07,7.65,28.10,185.40,79.80,41
Boston,1995,7.74,0.90,7.89,28.30,177.30,79.60,32
Boston,1996,7.54,0.80,7.67,27.90,175.40,79.30,36
Boston,1997,7.58,0.81,7.74,27.70,202.20,78.60,27
Boston,1998,7.06,0.89,7.19,28.40,210.70,77.70,14
Boston,1999,7.24,0.72,7.35,28.50,217.50,77.00,23
Boston,2000,7.93,0.56,8.02,29.00,253.40,75.00,33
Boston,2001,6.96,0.49,7.04,28.20,277.30,73.40,20
Boston,2002,6.42,0.33,6.47,28.30,295.70,73.70,25
Boston,2003,5.64,0.23,5.67,27.40,327.50,68.70,24
Boston,2004,5.42,0.29,5.46,28.50,379.60,71.18,45
Boston,2005,5.63,0.23,5.66,28.86,401.54,71.95,38
Boston,2006,6.47,0.18,6.50,29.20,224.81,81.33,2
Boston,2007,6.30,0.26,6.34,29.65,376.91,77.66,14
Boston,2008,5.99,0.24,6.02,29.00,268.30,72.90,N/A*
Boston,2009,4.89,0.23,4.92,28.50,392.70,65.50,N/A*
Boston,2010,4.76,0.25,4.79,27.90,364.70,66.20,N/A*
Boston,2011,4.44,0.42,4.49,29.03,447.05,75.10,N/A*
Boston,2012,3.62,0.68,3.68,28.07,523.86,71.85,N/A*
Boston,2013,3.70,0.67,3.79,27.99,533.36,74.91,N/A*
Boston,2014,3.92,0.88,4.03,28.67,572.88,75.00,N/A*
Boston,2015,3.72,0.84,3.82,28.76,609.61,73.78,N/A*
Boston,2016,3.53,0.84,3.64,29.04,638.80,76.21,N/A*
Boston,2017,3.84,0.69,3.85,28.98,642.00,75.06,N/A*
Boston,2018,4.32,0.77,4.42,29.12,675.73,74.17,N/A*
Chicago,1978,9.25,1.73,9.54,26.50,67.30,68.50,N/A*
Chicago,1979,10.22,2.13,10.59,27.70,69.30,71.50,N/A*
Chicago,1980,12.05,2.50,12.52,27.80,78.00,69.80,N/A*
Chicago,1981,13.76,2.89,14.37,27.20,80.90,69.80,N/A*
Chicago,1982,14.14,2.96,14.80,25.30,87.60,67.30,N/A*
Chicago,1983,12.27,2.91,12.83,26.80,92.80,69.90,N/A*
Chicago,1984,11.76,3.07,12.34,26.20,90.70,71.60,N/A*
Chicago,1985,11.37,2.94,11.92,24.60,98.70,71.00,N/A*
Chicago,1986,9.82,2.54,10.27,24.70,113.30,70.40,21
Chicago,1987,9.02,2.32,9.42,25.60,116.90,70.80,30
Chicago,1988,9.08,2.14,9.44,27.20,122.40,72.87,57
Chicago,1989,9.79,2.08,10.15,26.50,137.00,72.30,34
Chicago,1990,9.70,1.90,10.04,24.90,138.30,73.40,21
Chicago,1991,8.98,1.66,9.27,25.10,146.30,71.50,22
Chicago,1992,8.00,1.53,8.26,26.30,159.60,75.50,16
Chicago,1993,7.07,0.85,7.21,26.30,167.10,76.10,18
Chicago,1994,7.68,0.62,7.78,27.70,165.70,78.40,39
Chicago,1995,7.93,0.56,8.02,28.40,163.10,77.20,33
Chicago,1996,7.65,0.44,7.72,27.50,173.60,74.00,24
Chicago,1997,7.43,0.49,7.51,27.40,181.90,77.40,33
Chicago,1998,6.92,0.41,6.99,28.50,194.20,78.00,24
Chicago,1999,7.11,0.32,7.16,28.20,196.40,76.30,31
Chicago,2000,7.74,0.31,7.79,29.00,211.00,76.50,41
Chicago,2001,6.95,0.25,6.99,27.40,233.80,74.40,20
Chicago,2002,6.33,0.23,6.37,27.50,255.80,73.30,30
Chicago,2003,5.49,0.16,5.52,26.90,266.60,72.60,29
Chicago,2004,5.57,0.20,5.60,28.55,271.89,75.60,50
Chicago,2005,5.77,0.18,5.79,29.10,296.36,75.73,47
Chicago,2006,6.58,0.17,6.60,29.04,296.38,76.14,34
Chicago,2007,6.58,0.19,6.61,29.31,295.66,77.89,18
Chicago,2008,6.07,0.33,6.12,27.60,227.70,72.40,N/A*
Chicago,2009,5.22,0.37,5.27,27.96,334.30,71.66,N/A*
Chicago,2010,4.95,0.41,5.01,26.20,284.70,69.03,N/A*
Chicago,2011,4.90,0.49,4.98,26.92,245.50,79.53,N/A*
Chicago,2012,3.67,1.13,3.80,27.75,343.16,76.93,N/A*
Chicago,2013,3.86,1.25,4.02,27.55,337.96,79.48,N/A*
Chicago,2014,4.12,1.32,4.29,28.52,363.45,79.67,N/A*
Chicago,2015,3.86,1.25,4.03,28.53,409.80,78.59,N/A*
Chicago,2016,3.70,1.25,3.83,28.61,392.26,80.20,N/A*
Chicago,2017,4.01,1.13,4.10,28.72,380.40,81.00,N/A*
Chicago,2018,4.61,1.13,4.72,28.56,372.98,80.96,N/A*
Cleveland,1978,9.35,1.63,9.64,27.30,55.40,73.30,N/A*
Cleveland,1979,10.68,1.78,11.00,28.00,61.20,73.20,N/A*
Cleveland,1980,12.40,2.60,12.90,28.00,63.80,71.70,N/A*
Cleveland,1981,13.85,3.19,14.50,27.90,73.40,71.60,N/A*
Cleveland,1982,14.34,3.65,15.11,27.60,75.10,71.20,N/A*
Cleveland,1983,12.25,3.65,12.96,27.40,73.30,73.80,N/A*
Cleveland,1984,12.29,3.63,13.01,26.00,73.20,74.50,N/A*
Cleveland,1985,11.54,3.45,12.21,24.00,73.80,74.10,N/A*
Cleveland,1986,9.91,2.87,10.43,23.90,84.40,72.90,8
Cleveland,1987,9.22,2.70,9.69,25.10,89.40,73.10,18
Cleveland,1988,9.21,2.52,9.65,25.50,97.00,74.57,30
Cleveland,1989,9.76,2.51,10.20,26.40,105.50,73.50,22
Cleveland,1990,9.58,2.68,10.04,26.00,113.40,72.30,20
Cleveland,1991,8.96,2.41,9.37,26.40,112.30,73.10,17
Cleveland,1992,7.76,1.89,8.09,25.00,123.90,73.70,14
Cleveland,1993,6.79,1.42,7.03,24.90,126.60,73.60,16
Cleveland,1994,7.50,0.71,7.61,26.80,119.30,77.60,20
Cleveland,1995,7.86,0.71,7.97,27.20,114.40,78.40,14
Cleveland,1996,7.70,0.80,7.83,27.30,125.20,78.10,13
Cleveland,1997,7.62,0.88,7.76,27.60,145.70,78.00,15
Cleveland,1998,6.91,1.08,7.07,28.20,158.40,78.10,4
Cleveland,1999,7.13,0.96,7.28,28.10,165.60,77.90,12
Cleveland,2000,8.00,0.82,8.13,28.50,172.80,75.60,18
Cleveland,2001,6.99,0.53,7.07,27.60,170.20,77.90,5
Cleveland,2002,6.56,0.51,6.64,26.90,177.00,77.40,11
Cleveland,2003,5.67,0.62,5.76,28.30,212.80,81.70,6
Cleveland,2004,5.75,0.70,5.85,28.74,216.74,80.57,21
Cleveland,2005,5.81,0.82,5.93,29.42,254.72,78.35,6
Cleveland,2006,6.47,1.03,6.62,29.75,250.13,79.24,3
Cleveland,2007,6.29,1.07,6.45,29.45,224.11,82.03,3
Cleveland,2008,5.94,1.29,6.13,29.00,169.20,81.20,N/A*
Cleveland,2009,4.99,1.31,5.18,28.29,229.56,77.60,N/A*
Cleveland,2010,4.70,1.17,4.87,27.88,220.33,74.50,N/A*
Cleveland,2011,4.47,0.54,4.55,28.26,233.70,77.57,N/A*
Cleveland,2012,3.67,0.49,3.73,25.80,246.96,77.94,N/A*
Cleveland,2013,3.92,0.85,4.03,27.13,247.42,82.54,N/A*
Cleveland,2014,4.19,1.20,4.32,28.20,263.46,82.25,N/A*
Cleveland,2015,4.04,0.88,4.12,28.53,275.36,83.77,N/A*
Cleveland,2016,3.81,1.21,3.87,28.41,294.36,82.48,N/A*
Cleveland,2017,4.16,1.49,4.13,28.85,284.53,80.99,N/A*
Cleveland,2018,4.54,1.31,4.56,29.12,298.21,81.47,N/A*
"Columbus, OH",1978,9.53,1.53,9.79,27.80,54.00,75.90,N/A*
"Columbus, OH",1979,10.76,1.58,11.05,28.40,62.10,73.90,N/A*
"Columbus, OH",1980,12.83,2.02,13.22,28.90,65.70,74.40,N/A*
"Columbus, OH",1981,14.27,2.37,14.78,28.60,82.80,73.90,N/A*
"Columbus, OH",1982,14.30,3.01,14.95,26.80,78.80,72.70,N/A*
"Columbus, OH",1983,12.13,2.71,12.67,27.40,77.70,74.90,N/A*
"Columbus, OH",1984,12.09,3.10,12.68,27.80,72.70,79.30,N/A*
"Columbus, OH",1985,11.50,3.05,12.07,26.20,79.40,77.40,N/A*
"Columbus, OH",1986,9.94,2.78,10.43,26.00,85.10,77.10,9
"Columbus, OH",1987,9.20,2.48,9.61,27.40,92.60,79.20,30
"Columbus, OH",1988,9.30,2.11,9.65,28.70,99.60,78.83,41
"Columbus, OH",1989,9.76,2.40,10.17,28.30,109.80,75.70,30
"Columbus, OH",1990,9.70,2.15,10.08,26.90,103.40,74.80,33
"Columbus, OH",1991,8.82,1.49,9.09,26.10,126.50,75.60,31
"Columbus, OH",1992,7.94,1.65,8.23,23.60,130.20,73.90,13
"Columbus, OH",1993,7.19,1.42,7.43,24.60,126.50,74.20,13
"Columbus, OH",1994,7.57,0.89,7.73,26.30,132.70,79.10,26
"Columbus, OH",1995,7.89,0.84,8.04,27.10,135.80,79.20,33
"Columbus, OH",1996,7.68,0.92,7.83,26.70,140.20,76.80,39
"Columbus, OH",1997,7.54,0.94,7.70,26.80,152.40,77.40,31
"Columbus, OH",1998,6.97,0.85,7.10,27.20,160.30,78.90,6
"Columbus, OH",1999,7.11,0.48,7.19,28.60,176.10,79.10,17
"Columbus, OH",2000,7.79,0.69,7.90,28.90,193.80,77.60,20
"Columbus, OH",2001,6.93,0.62,7.02,27.70,184.70,78.30,10
"Columbus, OH",2002,6.38,0.63,6.47,27.70,185.60,78.70,20
"Columbus, OH",2003,5.48,0.66,5.57,28.30,207.20,79.00,27
"Columbus, OH",2004,5.39,0.61,5.48,29.03,213.51,79.27,50
"Columbus, OH",2005,5.69,0.46,5.76,29.16,227.82,77.73,37
"Columbus, OH",2006,6.42,0.64,6.52,29.32,224.28,78.33,20
"Columbus, OH",2007,6.34,0.85,6.47,29.50,205.85,79.04,7
"Columbus, OH",2008,5.94,0.81,6.06,29.20,174.30,82.40,N/A*
"Columbus, OH",2009,5.03,1.15,5.20,28.58,237.40,77.85,N/A*
"Columbus, OH",2010,4.62,0.94,4.75,28.30,243.75,78.40,N/A*
"Columbus, OH",2011,4.51,0.76,4.62,28.15,248.08,78.77,N/A*
"Columbus, OH",2012,3.65,0.97,3.77,26.90,247.59,81.00,N/A*
"Columbus, OH",2013,3.92,1.00,4.05,27.48,242.35,82.92,N/A*
"Columbus, OH",2014,4.21,1.15,4.33,28.62,282.62,82.04,N/A*
"Columbus, OH",2015,3.95,0.90,4.04,28.34,299.99,80.57,N/A*
"Columbus, OH",2016,3.67,1.03,3.75,28.69,322.44,79.92,N/A*
"Columbus, OH",2017,4.05,1.14,4.01,28.91,338.61,80.92,N/A*
"Columbus, OH",2018,4.54,0.92,4.62,28.71,361.90,77.26,N/A*
Dallas-Ft. Worth,1978,9.51,1.49,9.76,29.10,60.20,81.30,N/A*
Dallas-Ft. Worth,1979,10.08,2.58,10.53,28.90,72.70,78.80,N/A*
Dallas-Ft. Worth,1980,12.31,2.46,12.78,28.60,89.40,78.00,N/A*
Dallas-Ft. Worth,1981,13.34,3.78,14.12,28.70,107.40,77.30,N/A*
Dallas-Ft. Worth,1982,13.71,4.60,14.81,25.60,97.20,84.60,N/A*
Dallas-Ft. Worth,1983,12.49,2.64,13.00,27.60,104.50,80.30,N/A*
Dallas-Ft. Worth,1984,11.81,3.13,12.40,28.20,109.20,82.70,N/A*
Dallas-Ft. Worth,1985,11.04,2.89,11.57,28.10,124.10,82.40,N/A*
Dallas-Ft. Worth,1986,9.76,2.36,10.16,27.40,130.50,81.10,14
Dallas-Ft. Worth,1987,9.14,2.43,9.54,28.10,128.50,81.20,18
Dallas-Ft. Worth,1988,9.32,2.59,9.76,28.10,122.40,81.81,24
Dallas-Ft. Worth,1989,9.81,2.51,10.24,28.00,144.30,78.00,15
Dallas-Ft. Worth,1990,9.83,2.68,10.29,27.80,141.80,78.30,9
Dallas-Ft. Worth,1991,9.02,1.99,9.35,28.40,142.00,80.90,14
Dallas-Ft. Worth,1992,7.87,1.35,8.10,26.20,132.90,82.80,15
Dallas-Ft. Worth,1993,6.90,0.98,7.06,26.50,133.90,82.90,15
Dallas-Ft. Worth,1994,7.22,0.87,7.36,27.70,120.60,84.60,37
Dallas-Ft. Worth,1995,7.43,0.78,7.56,28.20,135.40,84.50,37
Dallas-Ft. Worth,1996,7.53,0.74,7.65,27.50,174.30,83.10,35
Dallas-Ft. Worth,1997,7.48,0.85,7.61,27.10,162.60,80.50,17
Dallas-Ft. Worth,1998,6.93,0.77,7.04,27.50,169.70,79.80,12
Dallas-Ft. Worth,1999,7.14,0.70,7.24,28.00,175.80,80.20,20
Dallas-Ft. Worth,2000,7.90,0.58,7.99,28.20,178.50,79.30,18
Dallas-Ft. Worth,2001,6.99,0.43,7.05,26.90,183.20,77.30,8
Dallas-Ft. Worth,2002,6.62,0.39,6.68,26.30,186.60,74.30,10
Dallas-Ft. Worth,2003,5.77,0.21,5.80,25.70,177.70,74.10,8
Dallas-Ft. Worth,2004,5.94,0.25,5.98,26.22,179.87,73.48,18
Dallas-Ft. Worth,2005,5.89,0.31,5.93,27.73,183.39,80.54,15
Dallas-Ft. Worth,2006,6.60,0.30,6.64,28.59,189.42,82.28,9
Dallas-Ft. Worth,2007,6.47,0.30,6.52,28.85,183.31,85.09,3
Dallas-Ft. Worth,2008,6.16,0.32,6.21,28.00,169.60,82.80,N/A*
Dallas-Ft. Worth,2009,5.02,0.40,5.08,27.64,247.02,80.30,N/A*
Dallas-Ft. Worth,2010,4.78,0.67,4.88,26.02,286.80,73.50,N/A*
Dallas-Ft. Worth,2011,4.45,1.12,4.62,26.82,302.30,76.24,N/A*
Dallas-Ft.Worth,2012,3.60,1.06,3.73,26.36,338.80,76.28,N/A*
Dallas-Ft.Worth,2013,3.81,1.11,3.96,26.28,304.52,78.80,N/A*
Dallas-Ft.Worth,2014,4.06,1.13,4.21,27.36,345.65,79.21,N/A*
Dallas-Ft.Worth,2015,3.78,1.07,3.93,27.62,379.83,78.91,N/A*
Dallas-Ft.Worth,2016,3.65,1.08,3.80,28.13,388.57,80.60,N/A*
Dallas-Ft.Worth,2017,3.95,1.07,4.09,28.15,372.39,79.92,N/A*
Dallas-Ft.Worth,2018,4.56,1.02,4.71,28.45,390.74,79.72,N/A*
Denver,1978,9.69,1.35,9.91,29.40,64.00,76.30,N/A*
Denver,1979,10.75,1.37,10.98,29.70,76.00,76.50,N/A*
Denver,1980,11.69,1.64,11.99,29.60,80.00,77.70,N/A*
Denver,1981,13.06,1.90,13.46,29.30,79.80,80.80,N/A*
Denver,1982,14.06,2.77,14.67,27.30,85.40,79.80,N/A*
Denver,1983,12.31,2.46,12.77,28.70,119.30,78.70,N/A*
Denver,1984,12.00,2.41,12.45,28.60,115.30,81.00,N/A*
Denver,1985,11.08,2.09,11.45,28.70,131.60,79.30,N/A*
Denver,1986,9.87,1.78,10.18,28.10,152.70,73.50,28
Denver,1987,8.93,2.02,9.26,29.00,139.80,79.20,43
Denver,1988,9.11,1.83,9.41,28.80,132.20,77.64,52
Denver,1989,9.49,1.95,9.81,28.80,149.20,77.00,37
Denver,1990,9.68,1.67,9.96,28.50,150.10,76.30,30
Denver,1991,9.08,1.98,9.41,27.20,137.70,74.90,22
Denver,1992,7.82,1.39,8.06,24.70,131.80,76.30,17
Denver,1993,6.66,1.00,6.82,25.70,151.80,75.00,29
Denver,1994,6.82,0.99,6.97,28.10,157.70,77.80,51
Denver,1995,7.65,0.89,7.79,28.70,164.80,77.70,46
Denver,1996,7.53,0.76,7.66,27.10,176.90,74.00,39
Denver,1997,7.49,0.72,7.61,27.30,188.80,76.00,30
Denver,1998,6.96,0.68,7.06,28.50,201.40,76.50,14
Denver,1999,7.13,0.68,7.24,28.90,224.20,75.30,26
Denver,2000,7.72,0.61,7.81,29.20,251.40,74.70,31
Denver,2001,6.88,0.48,6.95,28.50,270.60,73.00,19
Denver,2002,6.26,0.50,6.34,28.40,283.80,72.50,34
Denver,2003,5.47,0.37,5.52,28.00,277.00,72.60,34
Denver,2004,5.50,0.53,5.57,29.08,297.40,74.63,59
Denver,2005,5.70,0.53,5.77,28.97,331.64,72.28,43
Denver,2006,6.51,0.56,6.59,29.32,328.64,74.54,32
Denver,2007,6.36,0.84,6.48,29.66,315.38,77.99,12
Denver,2008,5.98,0.94,6.12,29.30,231.30,77.80,N/A*
Denver,2009,5.03,0.91,5.15,28.99,343.50,74.09,N/A*
Denver,2010,4.82,0.82,4.94,28.91,353.49,74.96,N/A*
Denver,2011,4.54,1.04,4.69,28.98,335.69,76.24,N/A*
Denver,2012,3.67,1.01,3.80,27.92,363.17,76.04,N/A*
Denver,2013,3.88,1.16,4.04,28.09,363.38,78.50,N/A*
Denver,2014,4.13,1.16,4.29,28.52,422.53,77.29,N/A*
Denver,2015,3.88,1.09,4.03,28.73,465.11,77.50,N/A*
Denver,2016,3.65,1.06,3.79,28.82,513.69,77.62,N/A*
Denver,2017,3.94,1.01,4.07,28.87,515.21,75.74,N/A*
Denver,2018,4.50,0.93,4.63,28.94,553.49,75.57,N/A*
Detroit,1978,9.35,0.90,9.50,29.00,54.40,74.60,N/A*
Detroit,1979,10.88,0.98,11.06,28.60,59.90,75.00,N/A*
Detroit,1980,12.67,1.35,12.93,29.00,67.90,73.10,N/A*
Detroit,1981,14.33,1.71,14.69,28.30,77.30,71.90,N/A*
Detroit,1982,14.10,2.05,14.52,28.60,85.00,72.30,N/A*
Detroit,1983,11.69,2.06,12.07,29.10,73.80,75.50,N/A*
Detroit,1984,11.56,2.32,12.00,27.20,75.30,76.20,N/A*
Detroit,1985,11.52,2.40,11.98,22.30,78.40,73.80,N/A*
Detroit,1986,10.14,2.31,10.57,21.60,82.00,72.60,5
Detroit,1987,9.37,2.72,9.86,23.30,93.60,73.10,18
Detroit,1988,9.19,2.66,9.66,24.70,99.50,72.13,40
Detroit,1989,9.86,2.30,10.26,26.20,113.60,71.80,22
Detroit,1990,9.87,2.02,10.22,26.20,116.70,71.70,13
Detroit,1991,8.98,1.79,9.29,25.00,118.50,71.30,12
Detroit,1992,7.73,1.51,8.00,24.60,126.10,73.70,15
Detroit,1993,6.90,2.19,7.27,23.80,115.70,74.70,17
Detroit,1994,7.40,1.47,7.66,25.80,127.60,76.90,26
Detroit,1995,7.75,1.36,7.97,27.50,136.60,77.70,20
Detroit,1996,7.52,0.81,7.66,27.10,153.20,76.20,28
Detroit,1997,7.49,0.67,7.59,27.40,177.80,75.70,25
Detroit,1998,6.99,0.75,7.11,28.10,191.70,75.70,16
Detroit,1999,7.13,0.80,7.26,28.70,189.00,76.50,21
Detroit,2000,7.87,0.59,7.96,29.00,203.10,75.80,25
Detroit,2001,6.97,0.45,7.04,28.00,211.40,74.70,14
Detroit,2002,6.35,0.36,6.41,27.60,224.30,74.30,24
Detroit,2003,5.45,0.20,5.48,27.80,185.80,79.70,33
Detroit,2004,5.59,0.21,5.62,28.43,186.94,77.52,32
Detroit,2005,5.84,0.24,5.87,28.92,191.38,78.96,34
Detroit,2006,6.65,0.14,6.67,29.26,184.14,83.76,21
Detroit,2007,6.65,0.11,6.66,29.22,179.65,83.56,15
Detroit,2008,6.19,0.07,6.20,28.90,143.70,85.60,N/A*
Detroit,2009,5.23,0.12,5.24,27.95,170.56,80.88,N/A*
Detroit,2010,5.21,0.22,5.24,27.87,184.63,81.62,N/A*
Detroit,2011,4.50,0.54,4.58,25.89,231.25,72.92,N/A*
Detroit,2012,3.59,0.43,3.62,24.54,294.66,73.49,N/A*
Detroit,2013,3.69,0.58,3.76,25.21,284.72,77.56,N/A*
Detroit,2014,4.11,0.89,4.23,26.46,282.79,77.03,N/A*
Detroit,2015,3.83,0.97,3.94,27.14,316.31,78.69,N/A*
Detroit,2016,3.67,0.96,3.78,27.82,333.02,78.64,N/A*
Detroit,2017,4.14,1.20,4.30,28.48,286.59,80.78,N/A*
Detroit,2018,4.65,1.08,4.79,29.08,313.40,80.64,N/A*
Houston,1978,9.48,1.94,9.80,29.60,63.20,83.90,N/A*
Houston,1979,9.90,3.24,10.46,29.80,72.10,82.90,N/A*
Houston,1980,11.34,3.54,11.99,29.70,85.70,82.50,N/A*
Houston,1981,13.20,4.93,14.22,29.50,87.80,83.10,N/A*
Houston,1982,14.44,4.77,15.45,29.30,90.20,85.90,N/A*
Houston,1983,12.14,3.45,12.80,28.60,101.80,85.10,N/A*
Houston,1984,11.90,3.35,12.53,29.40,94.80,85.90,N/A*
Houston,1985,10.98,2.81,11.50,28.80,101.10,85.50,N/A*
Houston,1986,9.70,2.09,10.06,27.50,114.20,80.30,12
Houston,1987,9.15,2.27,9.53,28.20,106.80,83.90,18
Houston,1988,9.39,2.89,9.89,27.40,109.90,83.28,21
Houston,1989,9.88,2.04,10.23,28.40,121.10,81.50,11
Houston,1990,9.90,2.39,10.32,26.50,118.30,79.60,5
Houston,1991,9.11,1.36,9.34,27.10,125.20,80.70,10
Houston,1992,8.06,1.10,8.25,26.30,124.90,82.90,9
Houston,1993,7.06,0.83,7.19,26.60,111.00,84.50,10
Houston,1994,7.65,0.76,7.77,27.50,107.30,85.70,21
Houston,1995,7.78,0.73,7.89,27.10,108.50,84.50,16
Houston,1996,7.65,0.95,7.80,27.20,141.10,84.30,15
Houston,1997,7.52,0.88,7.67,26.30,136.60,81.70,9
Houston,1998,6.96,0.79,7.08,26.90,139.20,81.70,6
Houston,1999,7.21,0.78,7.33,27.50,151.50,82.30,9
Houston,2000,8.03,0.77,8.15,27.40,160.00,78.60,10
Houston,2001,7.01,0.43,7.08,25.90,171.90,75.70,5
Houston,2002,6.61,0.33,6.66,25.10,174.60,73.20,7
Houston,2003,5.73,0.27,5.77,25.20,175.00,73.60,7
Houston,2004,5.85,0.43,5.91,26.46,178.02,77.49,20
Houston,2005,5.93,0.51,6.00,27.53,194.66,80.44,12
Houston,2006,6.68,0.44,6.75,28.19,205.46,80.57,7
Houston,2007,6.53,0.40,6.59,28.44,217.03,83.39,3
Houston,2008,6.11,0.58,6.20,27.60,201.80,80.80,N/A*
Houston,2009,5.07,0.67,5.17,27.42,292.66,77.61,N/A*
Houston,2010,4.71,0.96,4.85,26.64,297.99,76.65,N/A*
Houston,2011,4.40,1.16,4.57,27.56,329.08,76.06,N/A*
Houston,2012,3.53,1.26,3.71,26.54,347.43,76.26,N/A*
Houston,2013,3.73,1.29,3.92,26.68,350.66,77.71,N/A*
Houston,2014,4.05,1.34,4.24,27.56,366.41,78.39,N/A*
Houston,2015,3.73,1.09,3.88,27.72,403.69,77.85,N/A*
Houston,2016,3.59,1.17,3.74,27.83,397.95,79.67,N/A*
Houston,2017,3.93,1.12,4.08,27.96,376.21,80.09,N/A*
Houston,2018,4.52,1.05,4.68,27.96,379.95,80.60,N/A*
Indianapolis,1978,9.47,1.88,9.80,27.10,52.20,75.00,N/A*
Indianapolis,1979,10.88,2.55,11.34,27.10,55.20,75.60,N/A*
Indianapolis,1980,12.80,2.59,13.30,28.00,60.30,76.00,N/A*
Indianapolis,1981,13.93,3.00,14.55,27.40,69.20,74.60,N/A*
Indianapolis,1982,13.98,3.61,14.72,27.00,70.00,77.00,N/A*
Indianapolis,1983,12.23,3.26,12.86,27.70,70.00,77.00,N/A*
Indianapolis,1984,11.74,3.01,12.31,26.20,67.20,78.00,N/A*
Indianapolis,1985,10.93,3.48,11.56,25.30,71.40,78.40,N/A*
Indianapolis,1986,9.92,2.56,10.38,25.60,81.70,75.40,24
Indianapolis,1987,9.07,2.26,9.45,27.20,94.70,75.50,43
Indianapolis,1988,9.15,2.47,9.56,27.80,101.70,76.02,53
Indianapolis,1989,9.74,2.30,10.13,27.20,112.20,73.20,36
Indianapolis,1990,9.85,2.21,10.24,25.20,115.00,75.00,26
Indianapolis,1991,8.91,1.64,9.19,24.90,111.00,74.20,20
Indianapolis,1992,8.00,1.28,8.23,24.50,122.10,80.40,8
Indianapolis,1993,7.05,1.02,7.23,25.10,129.10,80.10,7
Indianapolis,1994,7.71,1.20,7.93,25.70,127.00,81.20,19
Indianapolis,1995,7.96,1.05,8.14,27.80,129.00,81.70,11
Indianapolis,1996,7.79,0.94,7.96,26.40,134.90,80.50,11
Indianapolis,1997,7.57,1.02,7.73,27.20,144.70,78.40,19
Indianapolis,1998,7.02,0.82,7.15,27.70,156.10,78.10,12
Indianapolis,1999,7.21,0.59,7.30,28.10,160.80,79.60,20
Indianapolis,2000,7.95,0.60,8.04,29.00,175.30,79.00,29
Indianapolis,2001,6.97,0.41,7.03,27.10,167.70,77.50,11
Indianapolis,2002,6.50,0.38,6.55,26.50,182.30,77.50,13
Indianapolis,2003,5.79,0.27,5.83,27.40,170.30,79.40,11
Indianapolis,2004,5.77,0.20,5.80,28.09,157.01,80.20,26
Indianapolis,2005,6.06,0.45,6.12,29.02,192.47,79.06,25
Indianapolis,2006,6.74,0.46,6.81,28.56,193.90,78.93,13
Indianapolis,2007,6.62,0.78,6.73,29.29,191.53,83.18,9
Indianapolis,2008,6.28,0.58,6.37,28.40,150.00,83.40,N/A*
Indianapolis,2009,5.09,0.88,5.22,27.85,218.26,78.11,N/A*
Indianapolis,2010,4.62,0.55,4.69,27.09,196.80,76.62,N/A*
Indianapolis,2011,4.67,0.80,4.78,28.84,253.51,79.83,N/A*
Indianapolis,2012,3.67,0.83,3.76,27.26,268.17,78.88,N/A*
Indianapolis,2013,3.95,0.95,4.05,27.41,293.18,80.77,N/A*
Indianapolis,2014,4.19,1.26,4.33,28.13,298.50,82.88,N/A*
Indianapolis,2015,3.98,1.14,4.11,28.15,287.48,81.82,N/A*
Indianapolis,2016,3.79,1.19,3.89,28.11,284.56,84.08,N/A*
Indianapolis,2017,4.10,1.45,4.19,28.26,285.88,80.90,N/A*
Indianapolis,2018,4.64,1.14,4.73,27.96,317.39,80.47,N/A*
Kansas City,1978,9.51,1.27,9.72,28.60,52.90,78.00,N/A*
Kansas City,1979,10.27,1.33,10.50,28.90,64.50,76.40,N/A*
Kansas City,1980,11.94,2.02,12.31,29.20,64.20,78.90,N/A*
Kansas City,1981,13.17,2.38,13.66,28.60,76.70,75.20,N/A*
Kansas City,1982,13.43,2.84,14.00,29.00,80.10,80.50,N/A*
Kansas City,1983,12.03,2.47,12.49,29.30,78.00,79.40,N/A*
Kansas City,1984,11.82,2.37,12.26,28.40,80.30,79.50,N/A*
Kansas City,1985,10.65,2.25,11.06,26.50,90.50,78.30,N/A*
Kansas City,1986,9.68,2.04,10.02,26.40,97.60,76.20,24
Kansas City,1987,8.90,1.97,9.22,27.90,105.80,78.10,41
Kansas City,1988,8.88,1.85,9.19,27.80,108.70,79.18,56
Kansas City,1989,9.77,1.71,10.05,28.70,111.90,77.20,33
Kansas City,1990,9.86,2.01,10.20,28.30,124.00,77.40,13
Kansas City,1991,9.22,1.48,9.47,27.80,115.60,80.50,8
Kansas City,1992,7.92,1.77,8.23,26.40,113.40,80.50,15
Kansas City,1993,6.89,1.14,7.08,26.60,117.80,80.80,21
Kansas City,1994,7.15,0.72,7.27,28.20,129.70,82.30,58
Kansas City,1995,7.77,0.86,7.91,28.00,122.90,81.70,37
Kansas City,1996,7.55,0.85,7.71,27.10,131.60,81.90,32
Kansas City,1997,7.47,0.66,7.58,28.10,147.10,80.40,34
Kansas City,1998,6.89,0.47,6.96,28.20,153.40,80.90,19
Kansas City,1999,6.98,0.31,7.03,28.40,167.50,80.80,31
Kansas City,2000,7.78,0.30,7.83,28.90,161.40,82.20,30
Kansas City,2001,6.89,0.17,6.92,28.50,168.60,84.30,14
Kansas City,2002,6.49,0.21,6.52,28.10,172.30,82.30,14
Kansas City,2003,5.73,0.41,5.79,27.50,176.50,78.40,18
Kansas City,2004,5.73,0.36,5.78,27.66,185.53,78.97,30
Kansas City,2005,5.72,0.16,5.74,28.66,185.76,82.24,18
Kansas City,2006,6.27,0.16,6.29,29.14,191.62,83.20,14
Kansas City,2007,6.23,0.20,6.26,28.54,222.32,82.54,11
Kansas City,2008,5.89,0.24,5.93,28.30,201.90,79.00,N/A*
Kansas City,2009,5.05,0.32,5.09,28.22,264.02,76.16,N/A*
Kansas City,2010,4.92,0.50,5.00,27.44,233.69,76.81,N/A*
Kansas City,2011,4.40,0.81,4.51,28.72,233.93,78.35,N/A*
Kansas City,2012,3.61,0.86,3.66,26.75,228.67,78.97,N/A*
Kansas City,2013,3.71,0.88,3.84,27.50,247.60,81.28,N/A*
Kansas City,2014,4.18,1.12,4.33,27.94,255.24,80.50,N/A*
Kansas City,2015,3.75,0.70,3.83,27.93,283.93,81.37,N/A*
Kansas City,2016,3.69,1.00,3.83,27.83,315.11,82.50,N/A*
Kansas City,2017,4.07,1.18,4.24,28.07,267.78,82.25,N/A*
Kansas City,2018,4.64,1.03,4.78,28.33,302.18,81.24,N/A*
Los Angeles,1978,9.77,1.36,9.99,29.70,84.90,75.60,N/A*
Los Angeles,1979,10.91,1.48,11.17,29.90,92.40,75.10,N/A*
Los Angeles,1980,12.89,1.59,13.19,29.80,110.70,75.80,N/A*
Los Angeles,1981,14.49,1.83,14.93,27.80,116.20,77.00,N/A*
Los Angeles,1982,14.50,1.93,14.91,29.00,122.30,76.60,N/A*
Los Angeles,1983,11.81,1.74,12.13,29.40,133.40,78.00,N/A*
Los Angeles,1984,11.71,1.88,12.06,30.20,132.00,79.60,N/A*
Los Angeles,1985,11.15,1.83,11.47,29.10,142.90,78.10,N/A*
Los Angeles,1986,9.65,1.82,9.95,28.90,156.10,77.50,46
Los Angeles,1987,8.70,1.65,8.96,29.30,167.70,78.10,58
Los Angeles,1988,8.73,1.38,8.95,29.50,187.30,76.86,68
Los Angeles,1989,9.69,1.47,9.93,29.60,205.30,75.70,45
Los Angeles,1990,9.56,1.36,9.79,28.80,212.80,75.80,40
Los Angeles,1991,8.94,1.15,9.12,28.00,231.90,73.20,31
Los Angeles,1992,7.35,1.42,7.59,28.20,246.20,76.90,45
Los Angeles,1993,6.36,1.18,6.55,29.00,226.90,76.80,45
Los Angeles,1994,6.35,1.10,6.52,30.50,220.10,80.90,62
Los Angeles,1995,7.17,1.14,7.34,30.10,212.00,81.00,46
Los Angeles,1996,7.47,1.03,7.63,29.10,219.30,80.00,30
Los Angeles,1997,7.33,1.11,7.50,29.10,227.80,78.20,27
Los Angeles,1998,6.79,0.90,6.92,28.70,250.60,75.30,28
Los Angeles,1999,6.63,0.74,6.74,28.90,258.50,75.70,44
Los Angeles,2000,7.19,0.51,7.27,29.30,280.00,76.10,49
Los Angeles,2001,6.78,0.44,6.85,27.70,302.00,72.30,23
Los Angeles,2002,6.27,0.42,6.34,26.90,328.50,70.10,25
Los Angeles,2003,5.55,0.21,5.58,26.20,362.80,66.30,25
Los Angeles,2004,5.46,0.20,5.49,27.96,425.80,68.01,54
Los Angeles,2005,5.61,0.18,5.64,28.79,512.16,66.17,56
Los Angeles,2006,6.50,0.25,6.53,29.49,565.93,70.35,50
Los Angeles,2007,6.41,0.47,6.48,29.78,543.24,74.16,28
Los Angeles,2008,6.12,0.40,6.18,28.50,313.10,72.00,N/A*
Los Angeles,2009,5.06,0.51,5.14,29.21,457.82,72.33,N/A*
Los Angeles,2010,4.79,0.98,4.93,29.10,489.38,71.97,N/A*
Los Angeles,2011,4.54,1.12,4.69,29.15,539.64,71.11,N/A*
Los Angeles,2012,3.67,1.01,3.80,28.69,598.47,70.59,N/A*
Los Angeles,2013,3.82,1.06,3.96,28.85,651.63,71.67,N/A*
Los Angeles,2014,4.01,1.04,4.15,29.29,670.64,72.57,N/A*
Miami,1978,9.04,2.57,9.47,28.10,52.30,76.60,N/A*
Miami,1979,10.63,2.87,11.14,28.50,59.80,75.80,N/A*
Miami,1980,13.00,3.22,13.64,28.70,75.30,72.60,N/A*
Miami,1981,14.92,2.86,15.52,29.20,89.50,73.00,N/A*
Miami,1982,15.25,2.81,15.86,28.30,89.00,74.50,N/A*
Miami,1983,12.45,2.71,12.97,29.10,80.60,77.10,N/A*
Miami,1984,11.84,2.66,12.34,28.50,84.70,81.60,N/A*
Miami,1985,10.82,2.48,11.27,28.40,89.30,79.80,N/A*
Miami,1986,9.58,2.40,9.99,26.40,99.30,74.60,40
Miami,1987,8.67,2.03,9.00,26.60,103.90,74.90,45
Miami,1988,8.49,1.94,8.80,28.30,104.50,76.00,69
Miami,1989,9.69,2.01,10.03,27.20,115.50,73.80,38
Miami,1990,9.81,1.72,10.10,27.80,133.30,74.90,28
Miami,1991,8.96,1.69,9.24,28.00,134.50,74.10,33
Miami,1992,7.64,1.82,7.95,27.60,118.00,77.30,29
Miami,1993,6.73,1.19,6.93,26.60,131.10,76.70,24
Miami,1994,7.20,1.15,7.39,28.10,130.80,79.20,42
Miami,1995,7.62,1.00,7.78,28.50,141.00,78.80,37
Miami,1996,7.64,0.90,7.78,27.40,141.60,78.20,22
Miami,1997,7.44,1.02,7.59,28.10,141.70,78.80,27
Miami,1998,6.87,0.70,6.97,27.70,146.70,78.00,21
Miami,1999,7.04,0.63,7.13,28.30,157.90,79.40,30
Miami,2000,7.79,0.33,7.84,28.60,175.80,78.70,28
Miami,2001,7.01,0.22,7.04,27.40,192.70,77.30,12
Miami,2002,6.48,0.20,6.51,27.50,210.10,75.60,16
Miami,2003,5.72,0.19,5.74,26.90,230.30,73.40,18
Miami,2004,5.73,0.43,5.80,28.49,266.86,76.13,43
Miami,2005,5.88,0.46,5.94,28.90,327.70,74.69,43
Miami,2006,6.72,0.50,6.80,29.75,358.07,75.65,33
Miami,2007,6.64,0.42,6.70,29.92,366.65,78.56,21
Miami,2008,6.25,0.58,6.33,29.00,247.30,74.90,N/A*
Miami,2009,5.16,0.65,5.26,28.95,334.52,71.55,N/A*
Miami,2010,4.85,1.11,5.01,28.09,294.54,71.57,N/A*
Miami,2011,4.51,1.12,4.67,28.90,295.46,74.81,N/A*
Miami,2012,3.65,1.15,3.81,27.52,362.96,72.34,N/A*
Miami,2013,3.81,1.15,3.97,27.78,393.28,74.74,N/A*
Miami,2014,4.18,1.17,4.34,28.42,408.54,77.56,N/A*
Miami,2015,3.90,1.30,4.08,28.61,432.30,75.84,N/A*
Miami,2016,3.72,1.19,3.86,28.87,434.67,77.85,N/A*
Miami,2017,4.08,1.27,4.24,28.85,381.36,79.04,N/A*
Miami,2018,4.63,1.11,4.75,28.91,411.00,78.49,N/A*
Milwaukee,1978,9.43,1.54,9.69,27.70,61.90,71.90,N/A*
Milwaukee,1979,10.63,1.45,10.89,28.30,71.30,70.50,N/A*
Milwaukee,1980,12.21,1.42,12.48,27.20,84.90,70.00,N/A*
Milwaukee,1981,14.89,2.66,15.51,26.00,79.40,70.90,N/A*
Milwaukee,1982,14.21,3.47,14.92,27.20,85.70,69.90,N/A*
Milwaukee,1983,11.89,1.95,12.26,26.20,80.80,68.00,N/A*
Milwaukee,1984,11.95,2.34,12.39,26.40,82.20,75.30,N/A*
Milwaukee,1985,11.18,2.70,11.69,24.40,83.70,73.50,N/A*
Milwaukee,1986,9.47,2.34,9.87,25.60,88.60,73.30,26
Milwaukee,1987,8.81,1.91,9.13,26.80,95.70,75.40,45
Milwaukee,1988,9.40,1.49,9.66,27.10,98.10,77.13,65
Milwaukee,1989,9.93,1.39,10.17,27.40,104.10,75.00,46
Milwaukee,1990,9.62,1.41,9.86,27.70,112.00,76.40,54
Milwaukee,1991,8.94,1.25,9.17,27.30,128.80,76.60,43
Milwaukee,1992,8.02,0.94,8.24,22.60,105.50,76.70,20
Milwaukee,1993,7.22,0.42,7.29,16.60,119.00,81.60,9
Milwaukee,1994,7.60,0.54,7.69,15.90,130.30,79.10,24
Milwaukee,1995,7.94,0.47,8.02,24.60,126.20,77.90,23
Milwaukee,1996,7.50,0.40,7.57,27.20,139.10,78.10,33
Milwaukee,1997,7.67,0.53,7.75,26.90,156.10,77.00,18
Milwaukee,1998,7.05,0.50,7.13,27.30,161.60,78.10,10
Milwaukee,1999,7.17,0.64,7.27,28.80,153.90,80.30,21
Milwaukee,2000,7.88,0.54,7.96,29.10,164.50,78.90,22
Milwaukee,2001,6.95,0.44,7.01,27.40,190.30,78.60,9
Milwaukee,2002,6.45,0.52,6.53,28.00,195.10,77.20,15
Milwaukee,2003,5.64,0.24,5.68,27.30,200.70,77.00,12
Milwaukee,2004,5.74,0.25,5.78,29.12,203.63,78.02,38
Milwaukee,2005,5.80,0.17,5.82,29.39,242.06,77.16,33
Milwaukee,2006,6.51,0.15,6.54,29.29,258.16,74.86,25
Milwaukee,2007,6.50,0.27,6.54,29.21,237.17,78.41,10
Milwaukee,2008,6.12,0.48,6.19,28.90,193.60,80.30,N/A*
Milwaukee,2009,5.10,0.42,5.16,28.37,275.96,77.41,N/A*
Milwaukee,2010,4.73,0.73,4.83,28.46,258.02,77.13,N/A*
Milwaukee,2011,4.62,0.80,4.74,28.97,270.22,80.85,N/A*
Milwaukee,2012,3.65,0.96,3.75,27.69,277.42,81.26,N/A*
Milwaukee,2013,3.83,1.03,3.97,28.11,275.25,80.51,N/A*
Milwaukee,2014,4.23,1.19,4.40,29.05,265.82,83.42,N/A*
Milwaukee,2015,3.93,1.20,4.10,28.85,308.36,82.90,N/A*
Milwaukee,2016,3.69,1.04,3.82,28.41,337.92,81.37,N/A*
Milwaukee,2017,4.00,1.13,4.16,28.40,320.42,81.55,N/A*
Milwaukee,2018,4.61,1.12,4.77,28.05,319.22,81.14,N/A*
Minneapolis-St. Paul,1978,9.38,0.81,9.52,27.90,65.00,70.80,N/A*
Minneapolis-St. Paul,1979,10.33,0.90,10.49,28.60,74.30,70.10,N/A*
Minneapolis-St. Paul,1980,11.91,1.36,12.16,28.70,80.90,70.80,N/A*
Minneapolis-St. Paul,1981,13.52,2.55,14.04,29.00,89.50,73.70,N/A*
Minneapolis-St. Paul,1982,13.67,2.74,14.22,28.40,95.80,72.50,N/A*
Minneapolis-St. Paul,1983,11.76,2.74,12.26,28.80,95.30,78.00,N/A*
Minneapolis-St. Paul,1984,11.43,3.88,12.14,29.70,103.40,81.70,N/A*
Minneapolis-St. Paul,1985,10.50,3.75,11.16,28.00,115.40,79.90,N/A*
Minneapolis-St. Paul,1986,9.70,1.96,10.03,28.80,132.90,76.20,25
Minneapolis-St. Paul,1987,8.60,1.73,8.87,29.30,139.40,76.30,47
Minneapolis-St. Paul,1988,8.78,1.90,9.08,29.90,137.90,73.56,59
Minneapolis-St. Paul,1989,9.72,1.86,10.03,29.70,146.40,77.60,23
Minneapolis-St. Paul,1990,9.47,2.19,9.83,28.90,139.80,74.90,42
Minneapolis-St. Paul,1991,9.28,1.40,9.51,29.40,122.00,77.00,15
Minneapolis-St. Paul,1992,7.97,1.91,8.31,26.30,127.30,82.00,12
Minneapolis-St. Paul,1993,7.01,1.34,7.23,26.30,134.70,79.10,9
Minneapolis-St. Paul,1994,7.58,1.23,7.80,27.20,141.90,81.30,28
Minneapolis-St. Paul,1995,7.77,1.34,7.98,28.10,138.00,81.40,19
Minneapolis-St. Paul,1996,7.54,1.25,7.75,26.50,145.90,79.10,19
Minneapolis-St. Paul,1997,7.47,1.23,7.68,27.10,162.20,81.30,14
Minneapolis-St. Paul,1998,6.94,1.16,7.12,28.30,166.60,82.10,5
Minneapolis-St. Paul,1999,7.11,1.04,7.27,28.60,183.30,80.50,14
Minneapolis-St. Paul,2000,7.85,1.03,8.01,29.10,206.30,79.10,16
Minneapolis-St. Paul,2001,6.83,0.92,6.97,28.30,225.10,77.60,8
Minneapolis-St. Paul,2002,6.25,1.04,6.41,28.50,242.10,77.40,20
Minneapolis-St. Paul,2003,5.43,0.92,5.56,28.20,256.80,76.50,28
Minneapolis-St. Paul,2004,5.38,0.94,5.51,29.12,272.94,77.32,47
Minneapolis-St. Paul,2005,5.60,0.76,5.71,29.15,301.02,75.92,37
Minneapolis-St. Paul,2006,6.36,0.76,6.47,29.36,306.73,76.80,23
Minneapolis-St. Paul,2007,6.30,0.89,6.43,29.53,305.75,79.81,6
Minneapolis-St. Paul,2008,5.98,0.94,6.11,29.10,218.50,80.60,N/A*
Minneapolis-St. Paul,2009,4.98,1.11,5.13,28.77,282.97,75.92,N/A*
Minneapolis-St. Paul,2010,4.79,1.08,4.94,28.52,283.18,76.28,N/A*
Minneapolis-St. Paul,2011,4.51,1.47,4.72,28.85,260.72,78.95,N/A*
Minneapolis-St. Paul,2012,3.61,1.40,3.80,27.91,272.04,80.09,N/A*
Minneapolis-St. Paul,2013,3.86,1.33,4.04,28.07,300.10,81.08,N/A*
Minneapolis-St. Paul,2014,4.18,1.36,4.37,28.80,312.58,81.70,N/A*
Minneapolis-St. Paul,2015,3.88,1.16,4.04,28.34,329.38,81.48,N/A*
Minneapolis-St. Paul,2016,3.69,1.22,3.84,28.41,327.32,82.13,N/A*
Minneapolis-St. Paul,2017,3.96,1.13,4.12,28.42,334.98,79.94,N/A*
Minneapolis-St. Paul,2018,4.60,1.21,4.77,28.42,342.57,79.49,N/A*
New York,1978,8.72,0.42,8.79,26.60,69.30,66.50,N/A*
New York,1979,9.87,0.50,9.95,26.50,79.40,64.20,N/A*
New York,1980,12.21,1.46,12.50,26.90,93.80,62.30,N/A*
New York,1981,15.11,2.95,15.75,27.00,97.10,63.20,N/A*
New York,1982,15.47,3.13,16.15,26.40,102.70,62.30,N/A*
New York,1983,12.38,3.11,12.98,26.10,114.60,64.10,N/A*
New York,1984,12.04,3.04,12.63,25.60,126.50,66.40,N/A*
New York,1985,11.35,2.57,11.83,25.60,139.40,67.80,N/A*
New York,1986,9.77,2.30,10.17,26.10,158.00,66.80,32
New York,1987,8.69,2.10,9.04,27.80,181.80,69.40,57
New York,1988,8.79,1.80,9.09,28.60,192.80,70.56,69
New York,1989,9.68,1.74,9.98,28.80,199.00,70.80,47
New York,1990,9.62,1.84,9.93,27.40,188.90,71.10,33
New York,1991,9.16,1.64,9.44,25.90,195.20,69.30,20
New York,1992,8.08,1.98,8.41,26.20,191.00,72.70,14
New York,1993,7.05,1.45,7.28,26.10,200.60,72.70,14
New York,1994,7.40,1.24,7.60,27.60,201.40,75.10,36
New York,1995,7.67,1.08,7.84,27.90,196.40,75.90,32
New York,1996,7.55,0.88,7.69,27.70,215.20,75.40,32
New York,1997,7.49,0.80,7.62,28.30,221.20,76.70,26
New York,1998,6.99,0.66,7.09,28.10,232.80,75.70,12
New York,1999,7.22,0.51,7.30,28.10,240.30,75.50,17
New York,2000,7.91,0.51,7.99,28.60,265.10,74.40,28
New York,2001,6.99,0.32,7.04,27.70,296.00,72.50,13
New York,2002,6.43,0.16,6.45,27.70,356.30,71.40,19
New York,2003,5.60,0.19,5.62,26.50,372.50,66.40,16
New York,2004,5.63,0.32,5.68,28.17,397.51,69.58,32
New York,2005,5.73,0.28,5.77,28.61,456.51,69.20,33
New York,2006,6.48,0.29,6.53,29.23,488.31,70.89,25
New York,2007,6.39,0.27,6.43,29.44,472.16,73.25,11
New York,2008,6.04,0.34,6.09,29.00,316.30,70.70,N/A*
New York,2009,5.03,0.48,5.09,28.76,459.02,70.84,N/A*
New York,2010,4.81,0.57,4.89,28.52,479.59,71.20,N/A*
New York,2011,4.49,0.74,4.60,28.87,499.13,70.39,N/A*
New York,2012,3.62,0.74,3.71,28.00,524.18,71.22,N/A*
New York,2013,3.74,0.84,3.85,28.02,537.01,73.28,N/A*
New York,2014,4.03,0.94,4.15,28.69,541.98,74.20,N/A*
New York,2015,3.76,0.86,3.87,28.85,582.37,74.61,N/A*
New York,2016,3.58,0.85,3.67,29.09,584.54,76.40,N/A*
New York,2017,3.88,0.85,3.96,29.14,587.84,76.30,N/A*
New York,2018,4.33,0.74,4.43,29.16,620.91,76.33,N/A*
Philadelphia,1978,9.05,0.90,9.20,25.90,50.80,72.70,N/A*
Philadelphia,1979,10.20,0.89,10.35,26.60,56.30,72.00,N/A*
Philadelphia,1980,12.24,1.57,12.54,27.20,62.60,70.70,N/A*
Philadelphia,1981,14.48,2.36,14.97,27.90,66.30,71.80,N/A*
Philadelphia,1982,15.02,3.04,15.67,26.30,65.00,69.90,N/A*
Philadelphia,1983,12.60,2.93,13.17,25.70,71.70,72.80,N/A*
Philadelphia,1984,12.55,3.15,13.17,25.60,75.90,73.50,N/A*
Philadelphia,1985,11.74,3.13,12.34,24.60,81.40,72.30,N/A*
Philadelphia,1986,9.86,2.93,10.38,24.90,97.70,70.90,10
Philadelphia,1987,9.11,2.35,9.50,27.80,113.70,73.50,24
Philadelphia,1988,9.16,2.22,9.53,28.60,141.60,71.12,43
Philadelphia,1989,9.60,2.34,10.00,28.00,140.50,70.80,26
Philadelphia,1990,9.38,2.33,9.78,27.50,139.50,71.60,18
Philadelphia,1991,8.65,2.16,9.00,27.00,152.50,69.90,19
Philadelphia,1992,7.82,2.52,8.25,26.50,156.80,74.70,8
Philadelphia,1993,6.92,1.83,7.22,25.80,163.40,76.00,9
Philadelphia,1994,7.41,2.02,7.74,27.20,159.00,78.80,26
Philadelphia,1995,7.61,1.91,7.92,27.90,153.80,79.40,17
Philadelphia,1996,7.41,1.87,7.70,27.90,151.20,80.30,14
Philadelphia,1997,7.40,1.48,7.63,28.30,171.90,79.90,13
Philadelphia,1998,6.88,1.10,7.05,28.50,183.30,78.80,7
Philadelphia,1999,7.15,1.01,7.30,28.60,188.90,78.30,12
Philadelphia,2000,7.86,0.85,7.99,28.90,193.80,77.90,18
Philadelphia,2001,6.91,0.66,7.01,27.90,209.70,77.00,7
Philadelphia,2002,6.49,0.48,6.56,27.80,229.70,75.80,10
Philadelphia,2003,5.81,0.33,5.86,27.70,255.60,75.30,8
Philadelphia,2004,5.83,0.33,5.87,28.71,274.55,76.31,20
Philadelphia,2005,6.08,0.33,6.13,29.12,317.32,75.97,15
Philadelphia,2006,6.66,0.43,6.72,29.54,329.76,75.69,10
Philadelphia,2007,6.39,0.53,6.47,29.73,301.53,78.80,3
Philadelphia,2008,6.05,0.45,6.11,29.10,235.00,76.30,N/A*
Philadelphia,2009,5.08,0.62,5.17,28.78,321.80,74.56,N/A*
Philadelphia,2010,4.81,0.60,4.89,28.74,323.35,72.40,N/A*
Philadelphia,2011,4.61,0.58,4.69,28.61,334.51,73.04,N/A*
Philadelphia,2012,3.67,0.85,3.76,27.93,346.64,76.04,N/A*
Philadelphia,2013,3.89,1.00,4.02,28.05,340.35,78.38,N/A*
Philadelphia,2014,4.18,1.12,4.31,28.60,362.29,78.78,N/A*
Philadelphia,2015,3.93,1.05,4.06,28.78,385.69,78.97,N/A*
Philadelphia,2016,3.72,1.02,3.77,28.82,396.35,80.14,N/A*
Philadelphia,2017,4.05,1.08,4.02,28.72,386.96,79.47,N/A*
Philadelphia,2018,4.54,1.01,4.59,28.73,393.61,80.82,N/A*
Phoenix,1978,9.41,1.96,9.73,29.70,64.20,77.00,N/A*
Phoenix,1979,10.67,1.89,11.01,29.70,76.90,76.70,N/A*
Phoenix,1980,12.02,1.95,12.38,29.90,92.70,76.40,N/A*
Phoenix,1981,14.22,2.69,14.86,27.00,103.80,73.70,N/A*
Phoenix,1982,14.99,3.79,15.80,29.50,91.30,79.10,N/A*
Phoenix,1983,12.03,2.93,12.57,29.70,97.20,80.70,N/A*
Phoenix,1984,12.10,2.51,12.57,29.80,101.40,80.90,N/A*
Phoenix,1985,11.01,2.63,11.48,28.60,116.60,77.10,N/A*
Phoenix,1986,9.63,2.38,10.03,29.10,130.30,74.30,32
Phoenix,1987,8.82,2.36,9.21,29.10,132.90,76.40,46
Phoenix,1988,8.83,2.05,9.16,29.00,126.70,77.11,55
Phoenix,1989,9.69,2.22,10.06,29.10,131.90,74.20,32
Phoenix,1990,9.81,1.84,10.13,27.70,114.20,77.70,12
Phoenix,1991,9.09,1.48,9.33,27.60,122.30,77.90,16
Phoenix,1992,7.82,1.97,8.15,27.70,124.80,79.30,19
Phoenix,1993,6.95,1.59,7.20,27.60,128.30,73.90,14
Phoenix,1994,6.96,1.68,7.22,28.40,131.50,77.50,42
Phoenix,1995,7.26,0.88,7.39,28.60,131.70,79.00,48
Phoenix,1996,7.51,0.87,7.65,28.00,145.00,78.20,28
Phoenix,1997,7.54,1.00,7.70,27.00,165.30,78.90,18
Phoenix,1998,7.04,0.88,7.18,28.50,169.10,79.00,11
Phoenix,1999,7.21,0.88,7.34,28.80,179.30,79.60,20
Phoenix,2000,7.92,0.76,8.04,29.10,187.30,79.00,25
Phoenix,2001,6.97,0.59,7.06,28.40,193.70,80.60,14
Phoenix,2002,6.49,0.59,6.58,27.90,194.00,77.70,21
Phoenix,2003,5.68,0.46,5.75,27.20,207.10,74.70,22
Phoenix,2004,5.67,0.57,5.76,28.01,217.44,75.93,39
Phoenix,2005,5.84,0.38,5.89,28.61,295.24,72.54,42
Phoenix,2006,6.57,0.47,6.64,29.56,335.83,74.39,36
Phoenix,2007,6.57,0.47,6.64,29.56,335.83,74.39,36
Phoenix,2008,6.14,0.77,6.25,28.70,222.20,75.50,N/A*
Phoenix,2009,5.16,0.90,5.29,28.39,254.57,73.93,N/A*
Phoenix,2010,4.81,1.11,4.97,26.81,242.54,74.09,N/A*
Phoenix,2011,4.65,1.53,4.87,28.29,248.93,76.36,N/A*
Phoenix,2012,3.74,1.38,3.92,27.72,277.63,76.66,N/A*
Phoenix,2013,3.83,1.30,4.00,27.88,314.25,78.27,N/A*
Phoenix,2014,4.15,1.39,4.35,28.08,337.27,77.23,N/A*
Phoenix,2015,3.88,1.48,4.09,28.32,366.05,77.10,N/A*
Phoenix,2016,3.75,1.38,3.94,28.63,380.09,78.66,N/A*
Phoenix,2017,4.00,1.35,4.19,28.80,370.71,79.72,N/A*
Phoenix,2018,4.63,1.29,4.81,28.85,356.93,78.35,N/A*
Pittsburgh,1978,9.10,1.14,9.29,26.50,49.90,75.00,N/A*
Pittsburgh,1979,10.44,1.19,10.65,26.70,53.20,74.30,N/A*
Pittsburgh,1980,12.33,1.83,12.68,28.10,64.60,71.50,N/A*
Pittsburgh,1981,14.43,2.29,14.91,27.00,59.20,72.60,N/A*
Pittsburgh,1982,15.13,2.69,15.72,24.70,66.80,69.20,N/A*
Pittsburgh,1983,11.99,3.13,12.59,26.00,68.00,72.90,N/A*
Pittsburgh,1984,11.72,2.95,12.28,25.80,67.70,74.60,N/A*
Pittsburgh,1985,11.26,3.05,11.83,25.90,72.50,75.00,N/A*
Pittsburgh,1986,9.67,3.44,10.28,25.90,81.90,77.70,19
Pittsburgh,1987,9.05,2.58,9.49,25.60,82.80,77.00,26
Pittsburgh,1988,9.24,2.29,9.63,25.30,102.80,75.51,42
Pittsburgh,1989,9.75,2.49,10.19,25.20,94.70,74.30,25
Pittsburgh,1990,9.60,2.74,10.09,23.90,110.30,74.80,15
Pittsburgh,1991,9.11,2.45,9.53,24.60,111.40,77.30,15
Pittsburgh,1992,7.87,2.14,8.24,24.70,117.10,78.00,7
Pittsburgh,1993,6.88,1.21,7.08,24.40,118.70,77.50,8
Pittsburgh,1994,7.25,1.33,7.47,26.90,106.90,82.70,19
Pittsburgh,1995,7.52,1.23,7.71,27.30,98.20,83.90,10
Pittsburgh,1996,7.13,1.27,7.33,26.50,104.70,81.80,8
Pittsburgh,1997,7.44,1.10,7.62,26.70,129.70,80.40,12
Pittsburgh,1998,6.93,0.89,7.07,27.30,123.40,80.70,5
Pittsburgh,1999,7.17,0.76,7.29,27.10,127.30,79.10,9
Pittsburgh,2000,8.02,0.89,8.16,28.40,141.90,78.70,14
Pittsburgh,2001,6.98,0.60,7.08,26.70,157.10,76.80,6
Pittsburgh,2002,6.51,0.48,6.58,26.20,167.60,75.90,11
Pittsburgh,2003,5.81,0.72,5.92,27.20,204.30,78.30,5
Pittsburgh,2004,5.85,0.52,5.93,28.09,211.21,79.01,12
Pittsburgh,2005,5.98,0.51,6.06,28.74,255.29,77.80,6
Pittsburgh,2006,6.22,0.57,6.30,28.98,255.60,78.72,6
Pittsburgh,2007,6.10,0.54,6.18,28.81,229.38,81.46,6
Pittsburgh,2008,5.87,0.90,6.00,28.70,184.30,80.30,N/A*
Pittsburgh,2009,5.05,0.74,5.16,28.40,227.86,78.91,N/A*
Pittsburgh,2010,4.68,0.66,4.86,28.14,228.94,76.64,N/A*
Pittsburgh,2011,4.48,0.81,4.60,28.74,234.30,79.60,N/A*
Pittsburgh,2012,3.61,0.74,3.69,27.70,270.35,79.56,N/A*
Pittsburgh,2013,3.94,0.66,4.05,27.44,278.85,80.49,N/A*
Pittsburgh,2014,4.20,0.87,4.32,28.17,311.24,80.22,N/A*
Pittsburgh,2015,3.97,1.11,4.08,28.59,345.68,80.46,N/A*
Pittsburgh,2016,3.76,1.07,3.78,28.68,344.35,79.84,N/A*
Pittsburgh,2017,4.07,1.00,3.93,28.52,364.26,79.77,N/A*
Pittsburgh,2018,4.57,0.89,4.49,28.54,385.01,78.70,N/A*
"Portland, OR",1978,9.65,1.57,9.92,28.70,58.30,77.50,N/A*
"Portland, OR",1979,10.59,1.62,10.87,29.50,68.20,76.70,N/A*
"Portland, OR",1980,12.08,1.94,12.44,29.40,75.50,76.20,N/A*
"Portland, OR",1981,13.73,2.04,14.13,29.50,81.00,77.20,N/A*
"Portland, OR",1982,14.46,2.53,14.98,29.00,95.50,77.50,N/A*
"Portland, OR",1983,12.20,2.46,12.65,29.40,81.60,80.80,N/A*
"Portland, OR",1984,11.89,2.76,12.40,29.00,86.90,82.90,N/A*
"Portland, OR",1985,10.56,2.48,10.99,28.30,92.60,80.20,N/A*
"Portland, OR",1986,9.61,2.25,9.99,28.00,110.80,75.50,23
"Portland, OR",1987,8.85,2.03,9.18,28.90,108.50,78.60,43
"Portland, OR",1988,8.67,1.96,8.98,29.30,100.90,79.12,56
"Portland, OR",1989,9.77,1.63,10.04,28.80,114.10,75.80,30
"Portland, OR",1990,9.95,1.74,10.25,28.60,118.20,76.20,23
"Portland, OR",1991,9.23,1.82,9.53,28.30,130.10,73.90,19
"Portland, OR",1992,7.68,1.12,7.87,26.10,131.90,73.10,22
"Portland, OR",1993,6.82,1.16,7.00,27.50,137.80,75.30,19
"Portland, OR",1994,6.51,0.71,6.62,29.30,140.50,81.70,62
"Portland, OR",1995,7.32,0.62,7.42,28.90,150.60,80.60,47
"Portland, OR",1996,7.43,0.75,7.55,28.00,180.10,78.80,47
"Portland, OR",1997,7.55,0.75,7.67,27.10,189.50,76.20,20
"Portland, OR",1998,6.94,0.82,7.07,27.60,190.90,74.30,11
"Portland, OR",1999,6.75,0.78,6.87,28.30,195.10,75.40,32
"Portland, OR",2000,7.45,0.66,7.55,29.00,202.90,76.20,33
"Portland, OR",2001,6.85,0.60,6.94,27.00,210.90,72.10,10
"Portland, OR",2002,6.36,0.39,6.42,26.00,223.20,69.50,17
"Portland, OR",2003,5.56,0.21,5.59,25.70,224.70,68.70,17
"Portland, OR",2004,5.64,0.31,5.68,27.75,255.39,71.52,43
"Portland, OR",2005,5.79,0.29,5.83,28.53,293.24,73.08,32
"Portland, OR",2006,6.44,0.32,6.49,30.02,330.64,75.49,29
"Portland, OR",2007,6.35,0.32,6.39,30.56,352.54,79.61,12
"Portland, OR",2008,5.98,0.49,6.05,29.20,273.80,75.50,N/A*
"Portland, OR",2009,4.98,0.57,5.06,28.66,382.87,72.33,N/A*
"Portland, OR",2010,4.68,0.69,4.77,28.11,354.59,69.61,N/A*
"Portland, OR",2011,4.55,0.91,4.67,28.66,335.12,75.00,N/A*
"Portland, OR",2012,3.66,0.89,3.77,27.35,348.95,75.64,N/A*
"Portland, OR",2013,3.84,1.02,3.98,27.96,378.21,75.82,N/A*
"Portland, OR",2014,4.12,1.12,4.28,28.00,409.19,76.35,N/A*
"Portland, OR",2015,3.82,1.05,3.96,28.82,444.12,77.18,N/A*
"Portland, OR",2016,3.62,1.03,3.75,29.06,482.36,77.30,N/A*
"Portland, OR",2017,3.90,1.07,4.04,29.13,479.79,77.02,N/A*
"Portland, OR",2018,4.52,1.04,4.66,28.91,506.50,74.72,N/A*
San Diego,1978,9.48,1.94,9.80,29.60,63.20,83.90,N/A*
San Diego,1979,9.90,3.24,10.46,29.80,72.10,82.90,N/A*
San Diego,1980,11.34,3.54,11.99,29.70,85.70,82.50,N/A*
San Diego,1981,13.20,4.93,14.22,29.50,87.80,83.10,N/A*
San Diego,1982,14.67,1.84,15.05,29.50,118.00,75.30,N/A*
San Diego,1983,11.87,2.20,12.28,30.40,124.60,78.90,N/A*
San Diego,1984,11.48,2.04,11.85,30.50,122.90,79.60,N/A*
San Diego,1985,10.97,2.02,11.33,29.20,141.70,77.00,N/A*
San Diego,1986,9.50,1.93,9.82,29.30,148.90,76.70,52
San Diego,1987,8.59,1.83,8.89,29.40,156.70,78.30,63
San Diego,1988,8.58,1.47,8.81,30.00,171.00,78.23,76
San Diego,1989,9.50,1.59,9.76,30.10,191.00,76.70,56
San Diego,1990,9.34,1.39,9.57,29.10,196.10,75.60,52
San Diego,1991,8.76,1.06,8.93,28.80,203.60,75.30,34
San Diego,1992,7.35,1.40,7.58,28.50,206.90,76.40,40
San Diego,1993,6.38,1.20,6.56,29.90,192.50,77.60,45
San Diego,1994,6.14,1.31,6.33,31.20,205.60,79.90,65
San Diego,1995,7.08,1.26,7.27,30.20,208.10,79.70,49
San Diego,1996,7.28,1.15,7.46,29.10,217.30,77.20,36
San Diego,1997,7.20,1.14,7.38,29.10,232.70,77.40,32
San Diego,1998,6.82,0.97,6.96,28.90,255.30,74.90,25
San Diego,1999,6.69,0.74,6.80,29.10,272.40,74.50,41
San Diego,2000,7.30,0.57,7.39,29.50,308.90,72.40,48
San Diego,2001,6.83,0.43,6.90,28.20,333.70,68.20,26
San Diego,2002,6.12,0.36,6.17,27.10,376.70,65.40,33
San Diego,2003,5.40,0.20,5.43,26.70,424.50,61.80,36
San Diego,2004,5.22,0.26,5.26,28.66,512.26,66.37,67
San Diego,2005,5.60,0.19,5.63,29.04,567.78,64.36,64
San Diego,2006,6.36,0.32,6.41,30.03,590.04,71.42,55
San Diego,2007,6.36,0.32,6.41,30.03,590.04,71.42,55
San Diego,2008,6.08,0.52,6.15,28.70,326.50,70.90,N/A*
San Diego,2009,5.06,0.60,5.15,29.25,462.40,72.54,N/A*
San Diego,2010,4.81,1.10,4.96,28.98,536.40,69.74,N/A*
San Diego,2011,4.49,1.16,4.65,29.04,519.05,70.79,N/A*
San Diego,2012,3.66,1.11,3.79,28.63,536.26,70.49,N/A*
San Diego,2013,3.76,1.04,3.91,28.61,600.47,71.10,N/A*
San Diego,2014,3.98,1.08,4.13,29.15,670.90,72.36,N/A*
San Diego,2015,3.74,0.99,3.88,29.03,708.12,71.17,N/A*
San Diego,2016,3.56,1.04,3.68,29.57,707.23,72.18,N/A*
San Diego,2017,3.77,0.95,3.89,29.57,741.66,73.98,N/A*
San Diego,2018,4.30,0.89,4.42,29.34,775.16,71.38,N/A*
San Francisco,1978,9.73,1.31,9.95,29.90,88.00,74.60,N/A*
San Francisco,1979,10.94,1.31,11.17,29.90,102.10,74.40,N/A*
San Francisco,1980,12.76,1.45,13.04,29.80,122.90,75.50,N/A*
San Francisco,1981,14.60,2.02,15.06,28.10,130.80,74.80,N/A*
San Francisco,1982,14.66,2.16,15.12,29.10,137.60,74.10,N/A*
San Francisco,1983,12.01,2.06,12.40,30.00,144.20,77.60,N/A*
San Francisco,1984,12.01,1.70,12.32,30.00,143.40,79.30,N/A*
San Francisco,1985,11.43,1.77,11.75,28.90,154.90,76.90,N/A*
San Francisco,1986,9.57,1.90,9.89,29.00,167.50,76.80,47
San Francisco,1987,8.53,1.84,8.82,29.90,179.90,77.30,60
San Francisco,1988,8.45,1.51,8.69,30.20,201.10,77.22,77
San Francisco,1989,9.59,1.65,9.85,30.20,217.60,75.30,49
San Francisco,1990,9.47,1.55,9.73,29.60,220.30,74.60,44
San Francisco,1991,8.70,1.62,8.96,29.00,238.10,75.30,46
San Francisco,1992,7.27,1.52,7.54,28.00,257.30,76.20,43
San Francisco,1993,6.30,1.15,6.48,29.80,248.80,76.30,53
San Francisco,1994,6.13,1.07,6.29,30.60,256.10,79.30,69
San Francisco,1995,6.95,1.03,7.10,30.40,269.60,78.10,60
San Francisco,1996,7.17,0.92,7.31,29.30,282.80,76.40,56
San Francisco,1997,7.12,0.92,7.26,29.10,295.00,75.00,44
San Francisco,1998,6.70,0.76,6.82,29.10,333.20,71.70,42
San Francisco,1999,6.45,0.57,6.54,29.50,342.70,73.70,63
San Francisco,2000,6.78,0.32,6.83,29.60,396.10,72.70,72
San Francisco,2001,6.65,0.30,6.69,28.10,453.50,65.20,43
San Francisco,2002,5.96,0.19,5.99,27.40,475.80,63.70,47
San Francisco,2003,5.48,0.07,5.49,26.40,499.00,60.70,39
San Francisco,2004,5.41,0.12,5.42,28.10,552.29,67.69,67
San Francisco,2005,5.59,0.12,5.61,28.84,648.41,66.54,70
San Francisco,2006,6.50,0.16,6.52,29.80,680.38,70.68,53
San Francisco,2007,6.42,0.28,6.46,29.41,672.95,70.70,36
San Francisco,2008,6.16,0.24,6.19,27.60,356.80,65.50,N/A*
San Francisco,2009,5.07,0.30,5.11,29.29,585.27,70.18,N/A*
San Francisco,2010,4.82,0.57,4.90,29.06,596.34,69.83,N/A*
San Francisco,2011,4.45,1.09,4.60,29.07,613.46,69.02,N/A*
San Francisco,2012,3.63,1.04,3.77,28.88,683.91,69.39,N/A*
San Francisco,2013,3.76,0.93,3.88,29.09,766.18,70.65,N/A*
San Francisco,2014,3.87,0.98,4.00,29.41,792.02,72.17,N/A*
San Francisco,2015,3.68,0.93,3.81,29.50,871.65,71.21,N/A*
San Francisco,2016,3.48,0.90,3.59,29.67,890.24,72.89,N/A*
San Francisco,2017,3.81,0.89,3.92,29.67,902.15,72.91,N/A*
San Francisco,2018,4.23,0.85,4.34,29.70,957.06,72.73,N/A*
Seattle,1978,9.62,1.75,9.91,28.80,58.80,77.40,N/A*
Seattle,1979,10.67,1.81,10.99,29.20,74.80,75.20,N/A*
Seattle,1980,12.37,2.32,12.81,28.80,82.20,76.50,N/A*
Seattle,1981,14.07,3.75,14.85,28.90,86.90,77.80,N/A*
Seattle,1982,14.15,3.93,15.02,27.10,94.80,78.70,N/A*
Seattle,1983,12.42,2.54,12.90,29.20,96.10,79.80,N/A*
Seattle,1984,11.66,2.40,12.10,29.60,97.80,79.80,N/A*
Seattle,1985,10.69,2.19,11.07,29.60,102.70,81.40,N/A*
Seattle,1986,9.90,2.10,10.26,28.80,123.50,77.20,21
Seattle,1987,8.91,1.79,9.20,28.60,127.70,77.70,50
Seattle,1988,8.86,1.73,9.14,28.90,131.80,76.15,60
Seattle,1989,9.97,1.64,10.24,29.20,151.60,74.10,36
Seattle,1990,10.06,1.70,10.35,28.80,164.90,73.30,25
Seattle,1991,9.16,1.50,9.41,27.90,176.20,72.00,22
Seattle,1992,7.77,1.29,8.01,25.20,173.60,74.30,20
Seattle,1993,6.70,1.28,6.91,27.30,166.40,74.20,24
Seattle,1994,6.65,0.97,6.80,29.00,167.00,79.70,62
Seattle,1995,7.42,0.97,7.57,28.60,180.70,78.70,33
Seattle,1996,7.44,1.01,7.60,28.20,205.40,78.10,37
Seattle,1997,7.49,1.02,7.65,27.30,207.00,76.90,20
Seattle,1998,6.93,0.90,7.07,27.80,217.50,75.30,11
Seattle,1999,6.89,0.74,7.00,28.60,239.10,75.60,32
Seattle,2000,7.49,0.57,7.58,29.30,254.60,74.90,37
Seattle,2001,6.84,0.49,6.91,27.50,269.80,71.20,16
Seattle,2002,6.28,0.38,6.34,26.70,278.80,69.80,24
Seattle,2003,5.48,0.23,5.51,26.20,288.30,68.10,23
Seattle,2004,5.48,0.35,5.53,27.90,304.65,72.58,47
Seattle,2005,5.67,0.23,5.71,28.20,366.93,69.74,39
Seattle,2006,6.45,0.26,6.49,28.97,413.86,71.39,37
Seattle,2007,6.41,0.38,6.47,29.22,428.02,74.23,21
Seattle,2008,5.96,0.46,6.02,28.60,314.50,71.80,N/A*
Seattle,2009,4.97,0.58,5.05,28.91,477.62,70.86,N/A*
Seattle,2010,4.69,0.79,4.80,28.25,448.84,70.35,N/A*
Seattle,2011,4.36,0.84,4.48,28.45,432.52,72.77,N/A*
Seattle,2012,3.59,0.82,3.68,27.77,455.11,73.62,N/A*
Seattle,2013,3.76,0.97,3.88,28.25,483.44,76.15,N/A*
Seattle,2014,3.97,0.99,4.10,29.14,531.57,77.36,N/A*
Seattle,2015,3.75,0.90,3.87,28.79,587.62,75.82,N/A*
Seattle,2016,3.56,0.92,3.67,29.07,629.96,76.05,N/A*
Seattle,2017,3.91,0.90,4.02,29.24,652.31,76.43,N/A*
Seattle,2018,4.38,0.79,4.48,29.23,727.07,75.40,N/A*
St. Louis,1978,9.29,1.08,9.47,25.20,45.20,76.80,N/A*
St. Louis,1979,10.27,1.13,10.47,25.80,57.60,72.90,N/A*
St. Louis,1980,12.49,1.82,12.86,24.80,56.50,74.50,N/A*
St. Louis,1981,14.62,2.16,15.15,23.80,71.80,68.50,N/A*
St. Louis,1982,14.53,2.83,15.13,24.60,63.90,71.50,N/A*
St. Louis,1983,12.30,2.43,12.77,25.80,71.00,74.30,N/A*
St. Louis,1984,11.94,2.58,12.44,27.30,73.20,76.70,N/A*
St. Louis,1985,10.96,2.06,11.34,25.70,75.70,77.50,N/A*
St. Louis,1986,9.62,1.91,9.94,24.90,81.40,75.30,48
St. Louis,1987,8.86,1.99,9.19,26.20,92.10,74.00,56
St. Louis,1988,8.87,1.97,9.20,26.40,99.40,74.95,69
St. Louis,1989,10.02,1.95,10.35,27.00,102.40,70.80,33
St. Louis,1990,9.74,1.64,10.02,25.00,98.60,73.00,40
St. Louis,1991,8.98,1.26,9.19,25.80,115.10,76.10,34
St. Louis,1992,7.88,1.30,8.12,24.30,134.90,74.90,12
St. Louis,1993,7.05,0.81,7.19,25.90,121.00,76.40,11
St. Louis,1994,7.36,0.83,7.50,27.40,121.30,79.20,46
St. Louis,1995,8.00,0.60,8.10,27.00,123.60,77.30,35
St. Louis,1996,7.55,0.54,7.63,27.70,136.30,78.40,45
St. Louis,1997,7.49,0.53,7.57,27.90,154.50,78.60,38
St. Louis,1998,6.99,0.32,7.04,26.10,152.90,76.00,11
St. Louis,1999,7.26,0.24,7.30,26.00,149.80,75.90,13
St. Louis,2000,8.03,0.43,8.10,29.00,148.70,81.70,25
St. Louis,2001,7.03,0.32,7.08,27.30,163.70,79.20,14
St. Louis,2002,6.56,0.32,6.61,27.10,171.20,78.10,14
St. Louis,2003,5.75,0.27,5.79,26.20,181.40,76.90,15
St. Louis,2004,5.95,0.25,5.99,27.08,188.87,75.15,27
St. Louis,2005,5.95,0.19,5.98,27.99,215.26,77.45,26
St. Louis,2006,6.61,0.20,6.64,29.14,204.48,80.13,17
St. Louis,2007,6.58,0.19,6.61,29.48,190.35,84.25,4
St. Louis,2008,6.20,0.21,6.23,28.60,171.20,81.20,N/A*
St. Louis,2009,5.09,0.28,5.13,27.47,237.56,77.16,N/A*
St. Louis,2010,4.87,0.33,4.92,27.05,244.06,76.51,N/A*
St. Louis,2011,4.53,0.60,4.62,26.71,267.89,73.34,N/A*
St. Louis,2012,3.68,0.71,3.76,26.44,237.99,78.32,N/A*
St. Louis,2013,3.86,0.60,3.95,26.51,264.65,81.64,N/A*
St. Louis,2014,4.06,0.90,4.18,27.57,295.77,79.20,N/A*
St. Louis,2015,3.76,0.94,3.88,28.00,335.21,81.84,N/A*
St. Louis,2016,3.62,0.85,3.72,28.01,341.68,80.66,N/A*
St. Louis,2017,3.94,0.83,4.05,27.32,309.17,80.17,N/A*
St. Louis,2018,4.44,0.71,4.53,27.74,353.21,80.44,N/A*
Tampa-St. Petersburg,1978,9.04,2.26,9.42,27.90,46.00,75.20,N/A*
Tampa-St. Petersburg,1979,10.56,2.44,10.99,28.50,50.60,74.30,N/A*
Tampa-St. Petersburg,1980,12.73,2.92,13.29,28.60,64.00,73.30,N/A*
Tampa-St. Petersburg,1981,14.62,3.23,15.30,28.90,75.00,75.60,N/A*
Tampa-St. Petersburg,1982,14.95,2.96,15.58,27.90,83.80,73.60,N/A*
Tampa-St. Petersburg,1983,12.01,2.88,12.55,27.30,76.40,76.90,N/A*
Tampa-St. Petersburg,1984,11.56,2.56,12.05,28.60,78.10,78.80,N/A*
Tampa-St. Petersburg,1985,10.57,2.96,11.11,28.40,79.10,78.70,N/A*
Tampa-St. Petersburg,1986,9.47,2.42,9.89,28.20,88.10,76.40,45
Tampa-St. Petersburg,1987,8.65,1.94,8.97,28.60,100.30,75.10,52
Tampa-St. Petersburg,1988,8.57,2.02,8.90,29.10,97.10,76.88,72
Tampa-St. Petersburg,1989,9.66,1.77,9.96,28.30,101.10,75.10,51
Tampa-St. Petersburg,1990,9.66,1.76,9.96,28.50,110.00,76.10,40
Tampa-St. Petersburg,1991,9.23,1.66,9.50,28.60,103.60,78.80,19
Tampa-St. Petersburg,1992,7.98,1.72,8.28,26.00,104.00,80.00,18
Tampa-St. Petersburg,1993,6.98,0.87,7.11,27.60,98.70,81.40,19
Tampa-St. Petersburg,1994,7.54,0.73,7.66,27.90,102.90,81.50,35
Tampa-St. Petersburg,1995,7.87,0.60,7.96,28.40,116.50,80.50,27
Tampa-St. Petersburg,1996,7.71,0.91,7.86,27.80,112.00,82.50,15
Tampa-St. Petersburg,1997,7.62,0.87,7.75,28.40,124.30,80.30,20
Tampa-St. Petersburg,1998,7.04,0.83,7.16,28.20,130.00,80.00,12
Tampa-St. Petersburg,1999,7.27,0.63,7.37,28.30,138.40,79.80,19
Tampa-St. Petersburg,2000,8.02,0.47,8.10,28.50,153.20,78.80,17
Tampa-St. Petersburg,2001,7.05,0.35,7.10,27.80,163.20,78.60,7
Tampa-St. Petersburg,2002,6.55,0.30,6.59,27.40,165.10,76.40,10
Tampa-St. Petersburg,2003,5.81,0.21,5.84,27.00,171.50,74.80,13
Tampa-St. Petersburg,2004,5.79,0.37,5.84,27.81,204.58,75.15,33
Tampa-St. Petersburg,2005,5.92,0.35,5.97,28.73,255.76,75.64,37
Tampa-St. Petersburg,2006,6.68,0.35,6.73,29.15,270.28,75.75,29
Tampa-St. Petersburg,2007,6.56,0.33,6.60,30.22,269.47,81.34,10
Tampa-St. Petersburg,2008,6.18,0.47,6.25,29.00,201.90,77.50,N/A*
Tampa-St. Petersburg,2009,5.10,0.52,5.17,29.03,251.64,75.01,N/A*
Tampa-St. Petersburg,2010,4.85,0.95,4.99,27.60,236.67,73.96,N/A*
Tampa-St. Petersburg,2011,4.65,1.25,4.83,28.35,244.31,75.87,N/A*
Tampa-St. Petersburg,2012,3.70,1.20,3.86,27.82,278.74,76.58,N/A*
Tampa-St. Petersburg,2013,3.92,1.06,4.07,27.21,290.27,78.29,N/A*
Tampa-St. Petersburg,2014,4.26,1.39,4.45,28.32,288.49,79.05,N/A*
Tampa-St. Petersburg,2015,4.02,1.61,4.22,28.33,284.96,79.96,N/A*
Tampa-St. Petersburg,2016,3.82,1.49,3.99,29.07,315.78,80.65,N/A*
Tampa-St. Petersburg,2017,4.15,1.38,4.26,29.02,311.90,81.02,N/A*
Tampa-St. Petersburg,2018,4.61,1.08,4.69,28.75,309.80,78.50,N/A*
Washington,1978,9.49,1.15,9.68,29.70,79.70,77.50,N/A*
Washington,1979,10.66,1.25,10.88,29.60,92.50,75.80,N/A*
Washington,1980,12.54,1.79,12.88,29.40,100.10,75.00,N/A*
Washington,1981,14.05,2.41,14.54,29.20,112.30,74.60,N/A*
Washington,1982,14.47,2.44,14.97,29.20,126.40,76.80,N/A*
Washington,1983,12.32,2.16,12.73,29.20,130.00,80.00,N/A*
Washington,1984,11.74,2.73,12.25,28.70,131.70,82.30,N/A*
Washington,1985,10.63,2.93,11.15,27.60,152.60,80.60,N/A*
Washington,1986,9.61,2.75,10.08,28.00,156.60,77.30,19
Washington,1987,9.03,2.52,9.44,28.40,159.50,78.50,26
Washington,1988,8.85,2.61,9.28,29.40,188.40,78.47,59
Washington,1989,9.36,2.67,9.80,29.60,196.00,80.00,50
Washington,1990,9.46,2.84,9.94,28.90,202.40,77.40,28
Washington,1991,8.47,2.02,8.80,28.70,224.00,77.10,35
Washington,1992,7.73,1.74,8.03,26.20,205.80,78.70,11
Washington-Baltimore,1993,6.82,1.36,7.04,26.90,197.80,79.70,17
Washington-Baltimore,1994,7.26,1.52,7.50,28.20,200.00,82.60,37
Washington-Baltimore,1995,7.52,1.55,7.76,28.40,209.30,81.50,31
Washington-Baltimore,1996,7.45,1.52,7.70,27.60,215.60,78.40,27
Washington-Baltimore,1997,7.43,1.09,7.60,28.30,208.30,80.40,24
Washington-Baltimore,1998,6.98,0.84,7.10,28.60,222.20,79.80,15
Washington-Baltimore,1999,7.16,0.83,7.28,28.80,246.10,77.90,20
Washington-Baltimore,2000,7.96,0.77,8.08,29.10,260.70,75.90,21
Washington-Baltimore,2001,7.04,0.62,7.13,28.00,278.90,73.60,9
Washington-Baltimore,2002,6.56,0.54,6.64,27.70,295.00,72.70,12
Washington-Baltimore,2003,5.88,0.62,5.97,27.50,329.80,71.50,13
Washington-Baltimore,2004,5.75,0.57,5.84,28.07,372.22,70.64,33
Washington-Baltimore,2005,5.99,0.61,6.08,28.91,453.43,71.11,29
Washington-Baltimore,2006,6.61,0.72,6.72,29.82,489.58,72.49,16
Washington-Baltimore,2007,6.45,0.72,6.56,30.10,479.80,75.87,7
Washington-Baltimore,2008,6.09,0.57,6.17,29.10,328.10,72.70,N/A*
Washington-Baltimore,2009,5.01,0.73,5.11,29.27,456.48,72.70,N/A*
Washington-Baltimore,2010,4.73,0.71,4.83,28.93,469.10,72.70,N/A*
Washington-Baltimore,2011,4.62,0.76,4.73,29.32,490.18,75.35,N/A*
Washington-Baltimore,2012,3.65,0.60,3.72,28.71,505.73,76.77,N/A*
Washington-Baltimore,2013,3.90,0.60,3.98,28.81,518.60,78.26,N/A*
Washington-Baltimore,2014,4.12,0.62,4.20,28.98,527.57,78.39,N/A*
Washington-Baltimore,2015,3.94,0.85,4.03,29.21,571.48,77.72,N/A*
Washington-Baltimore,2016,3.75,0.86,3.79,29.39,567.38,79.15,N/A*
Washington-Baltimore,2017,4.11,0.78,4.03,29.28,565.95,79.76,N/A*
Washington-Baltimore,2018,4.60,0.67,4.54,29.39,569.45,79.76,N/A*
,,,,,,,,
,,,,,,,,
,,*Insufficient data to construct a reliable estimate.,,,,,,
,,"Note: Starting in 2012, data is unweighted.",,,,,,
,,,,,,,,
,,Source: Federal Housing Finance Agency,,,,,,
,,              Monthly Interest Rate Survey,,,,,,