,,,,,,,,Federal Housing Finance Agency,,,,,,
,,,,,,,,www.fhfa.gov,,,,,,
,,,,,,,,,,,,,,
"TABLE 22:  TERMS ON CONVENTIONAL SINGLE-FAMILY MORTGAGES, MONTHLY NATIONAL AVERAGES, PREVIOUSLY OCCUPIED HOMES, FIXED-RATE MORTGAGES",,,,,,,,,,,,,,
,,,,,,,,,,,,,,
,,,,,,,,,,,,,,
Year,Month,Contract,Initial,Effective,Term,Mortgage,Purchase,Loan-,,,,,,
,,Interest,Fees,Interest,to,Loan,Price,to-Price,,,,,,
,,Rate,and,Rate,Maturity,Amount,($000),Ratio,,,,,,
,,(%),Charges,(%),,($000),,(%),,,,,,
,,,(%),,,,,,,,,,,
,,,,,,,,,,,,,,
1986,01,10.93,2.40,11.38,23.6,65.2,91.7,74.2,,,,,,
1986,02,10.84,2.14,11.24,23.4,65.1,93.6,73.3,,,,,,
1986,03,10.49,2.17,10.88,24.1,72.9,103.7,73.9,,,,,,
1986,04,10.18,2.15,10.57,23.7,71.6,102.8,73.0,,,,,,
1986,05,9.93,2.10,10.30,23.7,72.6,104.4,72.3,,,,,,
1986,06,9.98,2.19,10.37,24.1,73.1,106.0,72.1,,,,,,
1986,07,10.09,2.28,10.49,24.8,74.5,107.8,72.4,,,,,,
1986,08,10.20,2.25,10.60,24.7,71.8,103.4,72.6,,,,,,
1986,09,10.07,2.24,10.47,24.9,73.6,106.7,72.6,,,,,,
1986,10,9.98,2.31,10.39,24.9,73.8,104.5,73.6,,,,,,
1986,11,9.89,2.19,10.28,25.2,75.4,107.3,73.5,,,,,,
1986,12,9.73,2.20,10.12,25.6,76.2,109.4,73.4,,,,,,
1987,01,9.47,2.08,9.82,25.6,74.2,103.4,74.3,,,,,,
1987,02,9.18,1.88,9.50,26.1,79.9,111.0,74.8,,,,,,
1987,03,9.03,1.75,9.32,26.3,84.1,114.5,75.0,,,,,,
1987,04,8.99,1.83,9.29,25.7,85.0,117.5,74.3,,,,,,
1987,05,9.21,2.08,9.56,24.8,81.9,116.1,73.4,,,,,,
1987,06,9.60,2.26,10.00,25.0,80.9,113.6,73.9,,,,,,
1987,07,9.92,2.31,10.33,24.6,74.9,107.6,72.8,,,,,,
1987,08,9.91,2.21,10.31,24.2,74.7,105.5,73.7,,,,,,
1987,09,9.87,2.16,10.26,24.5,75.1,106.1,73.3,,,,,,
1987,10,9.99,2.39,10.42,25.3,72.3,102.3,74.6,,,,,,
1987,11,10.06,2.42,10.49,24.7,75.8,106.2,74.3,,,,,,
1987,12,9.98,2.29,10.39,25.8,73.1,101.6,75.7,,,,,,
1988,01,10.06,2.03,10.43,24.5,75.6,106.6,73.5,,,,,,
1988,02,9.90,1.95,10.25,26.5,77.1,109.2,74.9,,,,,,
1988,03,9.71,1.77,10.02,26.6,82.4,115.7,74.5,,,,,,
1988,04,9.80,1.75,10.10,26.4,80.5,113.3,74.1,,,,,,
1988,05,9.79,2.01,10.15,25.4,78.6,109.0,74.8,,,,,,
1988,06,10.00,1.91,10.33,26.2,80.7,111.1,75.7,,,,,,
1988,07,10.13,2.14,10.51,25.8,76.1,107.6,74.2,,,,,,
1988,08,10.20,2.04,10.56,26.0,80.2,113.1,74.2,,,,,,
1988,09,10.25,2.25,10.65,26.1,73.9,103.7,74.4,,,,,,
1988,10,10.34,1.87,10.68,25.9,78.3,110.6,73.7,,,,,,
1988,11,10.17,2.00,10.52,26.4,81.6,116.7,73.7,,,,,,
1988,12,10.18,1.82,10.50,26.7,84.1,116.7,74.7,,,,,,
1989,01,10.25,1.98,10.60,26.4,89.8,126.8,73.4,,,,,,
1989,02,10.39,2.23,10.79,25.6,77.6,107.9,74.7,,,,,,
1989,03,10.48,1.85,10.81,27.1,84.4,117.4,74.8,,,,,,
1989,04,10.58,1.94,10.92,27.0,87.7,123.0,74.3,,,,,,
1989,05,10.82,1.95,11.17,25.7,88.0,123.4,74.3,,,,,,
1989,06,10.68,1.87,11.01,27.2,89.1,123.0,74.3,,,,,,
1989,07,10.37,1.61,10.65,27.5,98.2,137.1,74.2,,,,,,
1989,08,9.99,1.65,10.27,28.0,100.6,137.2,75.1,,,,,,
1989,09,10.00,1.87,10.33,26.1,85.5,120.1,73.5,,,,,,
1989,10,10.05,1.79,10.36,26.7,93.6,130.8,73.7,,,,,,
1989,11,10.01,1.90,10.34,27.0,98.1,137.3,73.5,,,,,,
1989,12,9.87,1.64,10.15,27.1,99.8,141.0,73.9,,,,,,
1990,01,9.81,1.84,10.12,27.3,101.0,142.6,73.6,,,,,,
1990,02,9.97,1.94,10.30,26.5,100.5,140.0,74.4,,,,,,
1990,03,10.03,2.05,10.39,26.8,97.4,135.0,74.3,,,,,,
1990,04,10.15,1.94,10.49,26.1,98.9,136.6,75.0,,,,,,
1990,05,10.18,1.81,10.50,25.6,95.2,132.8,74.2,,,,,,
1990,06,10.22,1.93,10.56,26.6,95.1,133.1,74.1,,,,,,
1990,07,10.19,1.77,10.51,26.2,97.5,134.7,74.5,,,,,,
1990,08,10.00,1.67,10.30,25.7,92.7,129.3,73.6,,,,,,
1990,09,10.01,1.79,10.33,25.3,91.1,128.6,72.9,,,,,,
1990,10,10.06,1.76,10.37,25.5,92.2,129.1,73.7,,,,,,
1990,11,10.09,1.68,10.39,25.4,93.6,130.5,74.1,,,,,,
1990,12,9.91,1.53,10.18,26.7,98.7,139.8,73.2,,,,,,
1991,01,9.75,1.51,10.02,25.3,98.8,139.4,73.4,,,,,,
1991,02,9.71,1.51,9.97,25.1,100.4,144.2,73.0,,,,,,
1991,03,9.41,1.39,9.65,25.1,99.1,142.4,73.2,,,,,,
1991,04,9.42,1.63,9.71,25.7,102.7,146.3,72.6,,,,,,
1991,05,9.50,1.69,9.79,26.4,100.4,139.7,73.9,,,,,,
1991,06,9.48,1.59,9.75,26.6,102.3,142.6,74.3,,,,,,
1991,07,9.48,1.79,9.79,25.7,103.4,144.3,74.4,,,,,,
1991,08,9.50,1.63,9.78,26.3,97.6,136.2,74.0,,,,,,
1991,09,9.32,1.51,9.57,26.2,100.3,140.5,74.2,,,,,,
1991,10,9.16,1.45,9.41,25.3,101.5,143.9,73.2,,,,,,
1991,11,8.79,1.57,9.06,25.1,92.4,127.8,75.7,,,,,,
1991,12,8.53,1.56,8.80,25.3,98.4,133.4,76.0,,,,,,
1992,01,8.30,1.18,8.52,24.8,111.9,159.5,73.2,,,,,,
1992,02,8.39,1.57,8.69,24.4,98.3,138.3,74.2,,,,,,
1992,03,8.57,1.72,8.89,24.2,99.0,134.4,76.4,,,,,,
1992,04,8.64,1.74,8.95,25.0,99.6,132.2,78.0,,,,,,
1992,05,8.60,1.65,8.89,25.6,105.0,138.9,78.3,,,,,,
1992,06,8.47,1.73,8.78,24.8,103.4,136.8,77.6,,,,,,
1992,07,8.17,1.55,8.46,24.2,101.4,138.3,76.4,,,,,,
1992,08,7.95,1.87,8.29,23.9,104.7,140.7,76.8,,,,,,
1992,09,7.81,1.57,8.08,24.1,100.6,137.5,76.1,,,,,,
1992,10,7.81,1.41,8.05,23.8,104.0,144.9,74.7,,,,,,
1992,11,7.93,1.63,8.22,23.6,98.4,135.1,75.6,,,,,,
1992,12,8.05,1.56,8.34,23.5,99.6,133.2,78.0,,,,,,
1993,01,7.97,1.55,8.26,23.7,95.0,127.1,77.8,,,,,,
1993,02,7.78,1.37,8.02,24.3,102.0,140.6,75.9,,,,,,
1993,03,7.57,1.36,7.80,24.3,98.0,132.8,76.5,,,,,,
1993,04,7.47,1.20,7.68,23.6,98.7,135.2,76.1,,,,,,
1993,05,7.44,1.26,7.66,23.7,95.0,125.0,77.9,,,,,,
1993,06,7.44,1.31,7.66,24.0,97.3,129.6,77.9,,,,,,
1993,07,7.26,1.15,7.45,25.1,101.0,134.0,78.0,,,,,,
1993,08,7.13,1.04,7.30,24.7,100.8,136.7,76.7,,,,,,
1993,09,7.02,1.07,7.20,24.7,98.5,132.0,77.6,,,,,,
1993,10,6.86,0.98,7.02,24.8,100.8,136.7,76.4,,,,,,
1993,11,6.92,1.08,7.10,25.2,97.9,133.8,76.5,,,,,,
1993,12,7.13,1.20,7.33,25.5,97.9,129.6,78.4,,,,,,
1994,01,7.15,1.07,7.32,25.3,94.7,128.3,76.8,,,,,,
1994,02,7.07,0.94,7.22,25.0,99.2,134.6,77.4,,,,,,
1994,03,7.26,1.04,7.43,25.7,95.7,124.6,79.7,,,,,,
1994,04,7.62,1.05,7.80,25.6,98.9,128.0,79.6,,,,,,
1994,05,8.09,1.22,8.31,25.0,89.7,115.5,80.6,,,,,,
1994,06,8.26,1.09,8.45,26.1,91.7,117.5,81.0,,,,,,
1994,07,8.35,1.20,8.56,25.6,90.8,116.9,80.6,,,,,,
1994,08,8.45,1.01,8.62,26.5,89.5,115.6,81.6,,,,,,
1994,09,8.46,1.09,8.65,25.8,89.3,116.1,80.2,,,,,,
1994,10,8.60,1.04,8.78,26.0,86.9,112.3,80.4,,,,,,
1994,11,8.77,1.09,8.96,26.1,90.2,116.8,80.8,,,,,,
1994,12,8.82,1.36,9.06,25.6,78.5,100.4,82.0,,,,,,
1995,01,9.02,1.30,9.25,26.1,82.5,107.6,80.2,,,,,,
1995,02,8.99,1.34,9.22,26.4,87.1,111.4,80.7,,,,,,
1995,03,8.82,0.96,8.99,26.9,88.5,112.7,81.3,,,,,,
1995,04,8.59,1.02,8.76,26.8,91.6,116.8,80.9,,,,,,
1995,05,8.30,1.10,8.48,26.4,91.6,119.0,80.0,,,,,,
1995,06,7.85,0.93,8.01,26.5,97.2,127.2,80.0,,,,,,
1995,07,7.71,0.94,7.87,26.6,99.5,128.9,80.1,,,,,,
1995,08,7.84,0.95,8.00,26.3,97.7,127.6,79.4,,,,,,
1995,09,7.80,0.91,7.95,26.5,98.1,129.1,79.2,,,,,,
1995,10,7.71,0.96,7.87,26.6,100.7,132.4,79.0,,,,,,
1995,11,7.63,0.81,7.76,26.4,101.0,133.1,78.7,,,,,,
1995,12,7.51,0.74,7.64,26.1,102.1,135.2,78.5,,,,,,
1996,01,7.23,0.85,7.37,26.3,105.3,141.0,77.8,,,,,,
1996,02,7.20,0.87,7.34,25.9,102.8,136.8,78.4,,,,,,
1996,03,7.40,1.03,7.57,26.0,101.9,133.9,79.1,,,,,,
1996,04,7.76,1.03,7.93,25.8,102.2,133.3,79.8,,,,,,
1996,05,8.02,1.04,8.21,26.4,104.3,136.1,79.7,,,,,,
1996,06,8.13,1.04,8.30,25.5,103.5,136.5,79.2,,,,,,
1996,07,8.26,1.09,8.45,26.1,103.4,136.2,78.8,,,,,,
1996,08,8.14,1.01,8.32,26.3,103.3,136.0,79.3,,,,,,
1996,09,8.17,0.99,8.34,25.4,102.0,136.2,77.8,,,,,,
1996,10,8.09,0.95,8.25,26.2,103.9,136.9,78.3,,,,,,
1996,11,7.89,0.91,8.05,26.6,102.6,137.0,77.8,,,,,,
1996,12,7.74,0.82,7.87,26.4,105.9,141.1,78.5,,,,,,
1997,01,7.84,0.99,8.01,25.7,106.9,144.8,77.1,,,,,,
1997,02,7.81,0.99,7.98,25.9,107.2,142.5,78.2,,,,,,
1997,03,7.86,0.98,8.02,26.3,109.2,143.6,78.9,,,,,,
1997,04,8.02,1.08,8.21,25.7,110.6,143.6,79.5,,,,,,
1997,05,8.08,1.03,8.25,26.3,113.9,147.6,79.5,,,,,,
1997,06,7.95,1.12,8.13,26.5,117.1,153.3,79.1,,,,,,
1997,07,7.77,0.98,7.93,27.2,117.9,153.8,79.1,,,,,,
1997,08,7.66,1.04,7.83,27.1,116.8,153.4,78.8,,,,,,
1997,09,7.65,1.00,7.81,27.0,116.3,153.2,78.6,,,,,,
1997,10,7.54,1.02,7.70,27.0,116.7,153.9,78.8,,,,,,
1997,11,7.49,0.91,7.63,27.2,119.3,155.8,79.3,,,,,,
1997,12,7.40,0.94,7.55,27.1,121.7,158.6,79.9,,,,,,
1998,01,7.20,0.89,7.34,27.0,119.5,160.1,77.6,,,,,,
1998,02,7.14,0.89,7.28,26.7,118.9,159.8,77.8,,,,,,
1998,03,7.16,0.84,7.29,27.1,119.3,156.5,79.1,,,,,,
1998,04,7.18,0.82,7.31,27.5,120.7,157.9,79.4,,,,,,
1998,05,7.18,0.90,7.32,27.5,124.2,163.8,78.8,,,,,,
1998,06,7.17,0.88,7.31,27.6,123.1,161.8,79.4,,,,,,
1998,07,7.11,0.84,7.24,27.7,123.5,162.0,79.1,,,,,,
1998,08,7.06,0.90,7.20,27.8,122.6,159.5,80.0,,,,,,
1998,09,6.96,0.84,7.09,27.7,121.8,160.6,79.1,,,,,,
1998,10,6.79,0.75,6.91,27.3,122.1,163.6,78.1,,,,,,
1998,11,6.83,0.79,6.95,27.0,120.0,161.1,77.6,,,,,,
1998,12,6.84,0.98,6.99,27.7,125.9,165.7,78.8,,,,,,
1999,01,6.84,0.79,6.96,27.3,122.1,163.5,77.8,,,,,,
1999,02,6.89,0.72,7.00,27.5,127.1,169.2,78.2,,,,,,
1999,03,7.00,0.75,7.11,27.6,126.7,168.1,78.5,,,,,,
1999,04,7.04,0.74,7.16,27.5,124.8,166.8,78.1,,,,,,
1999,05,7.07,0.71,7.18,27.5,125.7,168.6,77.8,,,,,,
1999,06,7.31,0.78,7.43,27.8,129.4,171.3,78.4,,,,,,
1999,07,7.58,0.82,7.71,27.8,125.1,165.3,78.9,,,,,,
1999,08,7.76,0.81,7.89,27.8,120.3,158.8,78.6,,,,,,
1999,09,7.85,0.80,7.97,28.0,119.5,157.1,79.4,,,,,,
1999,10,7.85,0.81,7.98,28.1,115.4,152.0,79.5,,,,,,
1999,11,7.86,0.80,7.98,28.1,119.5,157.2,79.3,,,,,,
1999,12,7.88,0.75,8.00,28.0,119.2,156.2,80.1,,,,,,
2000,01,8.06,0.80,8.19,28.1,121.8,160.6,79.4,,,,,,
2000,02,8.25,0.79,8.37,28.0,120.8,159.9,79.1,,,,,,
2000,03,8.29,0.77,8.42,28.1,122.1,162.2,78.9,,,,,,
2000,04,8.27,0.75,8.39,28.2,120.0,160.0,78.7,,,,,,
2000,05,8.36,0.76,8.48,28.3,121.6,162.0,78.6,,,,,,
2000,06,8.44,0.79,8.56,28.3,123.8,166.4,77.9,,,,,,
2000,07,8.30,0.74,8.42,28.4,126.3,170.5,77.8,,,,,,
2000,08,8.19,0.71,8.30,28.3,127.4,173.0,77.6,,,,,,
2000,09,8.04,0.74,8.16,28.3,128.3,173.3,77.9,,,,,,
2000,10,7.97,0.68,8.08,28.2,127.6,174.0,77.5,,,,,,
2000,11,7.88,0.65,7.98,28.2,132.3,180.1,77.5,,,,,,
2000,12,7.72,0.67,7.82,28.1,132.7,181.6,77.1,,,,,,
2001,01,7.35,0.60,7.44,28.2,133.5,183.4,77.0,,,,,,
2001,02,7.14,0.58,7.23,27.5,135.7,188.5,76.4,,,,,,
2001,03,7.07,0.60,7.16,27.5,138.1,191.0,76.7,,,,,,
2001,04,7.07,0.53,7.15,27.1,138.6,193.4,76.2,,,,,,
2001,05,7.16,0.59,7.26,27.1,140.6,197.8,75.5,,,,,,
2001,06,7.19,0.55,7.28,27.2,143.5,200.0,76.2,,,,,,
2001,07,7.20,0.55,7.28,27.4,140.7,196.1,76.3,,,,,,
2001,08,7.09,0.53,7.18,27.4,141.0,195.2,76.6,,,,,,
2001,09,6.96,0.47,7.03,27.3,142.2,199.2,75.8,,,,,,
2001,10,6.74,0.45,6.81,27.1,143.5,202.7,75.4,,,,,,
2001,11,6.62,0.45,6.69,26.5,143.8,206.5,74.7,,,,,,
2001,12,6.79,0.52,6.87,25.8,141.8,205.5,74.0,,,,,,
2002,01,6.95,0.52,7.03,26.2,139.7,201.8,74.7,,,,,,
2002,02,6.94,0.51,7.01,26.4,141.0,200.7,75.4,,,,,,
2002,03,6.95,0.45,7.02,26.7,142.3,203.5,75.1,,,,,,
2002,04,7.08,0.51,7.16,27.0,142.1,198.7,76.4,,,,,,
2002,05,6.98,0.53,7.06,27.3,146.4,203.7,76.4,,,,,,
2002,06,6.85,0.54,6.94,27.3,147.5,212.1,75.0,,,,,,
2002,07,6.72,0.49,6.80,27.0,145.8,207.1,75.4,,,,,,
2002,08,6.53,0.46,6.60,26.7,145.3,212.5,73.8,,,,,,
2002,09,6.36,0.43,6.43,26.7,149.1,220.6,73.0,,,,,,
2002,10,6.20,0.37,6.25,26.0,146.9,221.1,72.3,,,,,,
2002,11,6.14,0.34,6.19,25.8,148.5,222.4,72.3,,,,,,
2002,12,6.15,0.36,6.20,25.9,144.9,214.5,73.0,,,,,,
2003,01,6.05,0.29,6.09,25.6,145.8,222.8,71.2,,,,,,
2003,02,6.02,0.30,6.07,26.1,146.2,220.5,72.1,,,,,,
2003,03,5.89,0.25,5.92,25.9,146.9,221.5,71.8,,,,,,
2003,04,5.82,0.27,5.86,25.6,150.6,229.4,71.6,,,,,,
2003,05,5.69,0.27,5.73,25.7,151.2,232.4,71.0,,,,,,
2003,06,5.46,0.26,5.50,25.8,154.5,234.5,71.1,,,,,,
2003,07,5.45,0.30,5.49,25.7,150.3,227.8,72.3,,,,,,
2003,08,5.81,0.34,5.86,25.8,148.5,230.2,70.8,,,,,,
2003,09,6.10,0.35,6.15,25.6,137.5,212.5,71.5,,,,,,
2003,10,6.02,0.34,6.07,26.1,140.5,213.2,72.0,,,,,,
2003,11,6.04,0.38,6.10,25.9,136.0,210.3,71.3,,,,,,
2003,12,6.01,0.49,6.08,26.2,136.6,201.2,73.8,,,,,,
2004,01,5.88,0.48,5.95,25.9,142.9,214.0,73.1,,,,,,
2004,02,5.85,0.30,5.90,25.9,140.0,220.8,70.1,,,,,,
2004,03,5.76,0.35,5.81,25.6,138.9,218.7,69.8,,,,,,
2004,04,5.71,0.32,5.75,26.1,147.8,226.7,71.2,,,,,,
2004,05,6.11,0.31,6.16,26.0,148.7,230.2,70.7,,,,,,
2004,06,6.35,0.35,6.40,26.2,148.5,231.1,70.3,,,,,,
2004,07,6.22,0.35,6.27,27.2,153.1,223.4,74.7,,,,,,
2004,08,6.06,0.46,6.13,27.2,151.0,220.3,75.2,,,,,,
2004,09,5.88,0.50,5.95,27.3,149.6,217.6,74.9,,,,,,
2004,10,5.85,0.45,5.92,27.3,148.4,217.8,75.0,,,,,,
2004,11,5.85,0.40,5.91,27.2,151.9,227.8,74.2,,,,,,
2004,12,5.84,0.38,5.89,27.6,161.8,235.5,75.1,,,,,,
2005,01,5.85,0.43,5.92,27.1,158.6,233.5,74.9,,,,,,
2005,02,5.84,0.25,5.88,27.2,159.7,243.9,73.5,,,,,,
2005,03,5.93,0.38,5.98,27.8,168.7,241.9,75.7,,,,,,
2005,04,6.05,0.43,6.11,27.6,164.7,241.7,74.0,,,,,,
2005,05,5.96,0.41,6.02,27.5,168.2,247.3,74.1,,,,,,
2005,06,5.78,0.38,5.84,27.5,174.8,264.0,72.0,,,,,,
2005,07,5.77,0.37,5.83,27.6,175.5,262.1,73.4,,,,,,
2005,08,5.93,0.34,5.98,27.6,177.0,260.5,73.6,,,,,,
2005,09,5.95,0.37,6.00,27.8,175.9,258.9,73.7,,,,,,
2005,10,6.09,0.32,6.14,27.7,174.2,256.5,73.5,,,,,,
2005,11,6.34,0.35,6.39,27.7,169.8,252.4,74.0,,,,,,
2005,12,6.43,0.34,6.48,27.8,163.4,238.5,74.9,,,,,,
2006,01,6.39,0.39,6.44,28.1,171.6,247.0,75.3,,,,,,
2006,02,6.40,0.35,6.45,27.9,178.9,256.7,75.2,,,,,,
2006,03,6.47,0.31,6.51,28.4,183.0,261.4,75.6,,,,,,
2006,04,6.54,0.33,6.59,28.4,185.8,262.9,76.2,,,,,,
2006,05,6.66,0.31,6.70,28.3,189.7,267.8,76.3,,,,,,
2006,06,6.71,0.34,6.76,28.4,190.2,270.0,76.1,,,,,,
2006,07,6.83,0.34,6.88,28.5,186.2,259.2,77.4,,,,,,
2006,08,6.77,0.39,6.83,28.7,185.0,259.9,77.1,,,,,,
2006,09,6.63,0.38,6.68,28.8,191.9,264.8,77.6,,,,,,
2006,10,6.59,0.36,6.64,28.8,195.8,273.1,77.0,,,,,,
2006,11,6.48,0.36,6.53,29.2,198.0,274.0,77.6,,,,,,
2006,12,6.41,0.33,6.46,29.0,199.9,271.3,79.0,,,,,,
2007,01,6.38,0.35,6.43,29.1,195.1,264.0,79.1,,,,,,
2007,02,6.41,0.38,6.47,29.3,197.7,273.7,78.2,,,,,,
2007,03,6.35,0.37,6.41,29.4,201.5,273.6,79.6,,,,,,
2007,04,6.30,0.36,6.36,29.3,198.4,267.9,79.7,,,,,,
2007,05,6.39,0.42,6.45,29.4,205.3,269.1,81.1,,,,,,
2007,06,6.61,0.36,6.66,29.6,211.6,278.6,80.7,,,,,,
2007,07,6.79,0.38,6.85,29.3,196.6,261.5,80.4,,,,,,
2007,08,6.76,0.41,6.82,29.2,195.1,260.5,80.6,,,,,,
2007,09,6.59,0.43,6.66,29.2,190.3,258.1,80.2,,,,,,
2007,10,6.51,0.42,6.57,28.8,194.3,260.9,80.2,,,,,,
2007,11,6.37,0.41,6.43,28.8,201.5,274.3,79.2,,,,,,
2007,12,6.25,0.51,6.33,28.7,197.5,268.5,80.4,,,,,,
2008,01,5.98,0.52,6.06,28.3,200.3,279.2,78.3,,,,,,
2008,02,5.91,0.44,5.98,27.6,193.5,280.8,76.0,,,,,,
2008,03,6.08,0.51,6.15,27.8,196.1,277.1,77.5,,,,,,
2008,04,6.00,0.43,6.06,27.7,209.5,295.2,77.2,,,,,,
2008,05,6.08,0.42,6.14,28.2,208.3,292.5,77.4,,,,,,
2008,06,6.28,0.39,6.34,28.1,209.9,294.0,77.2,,,,,,
2008,07,6.46,0.49,6.54,28.1,203.5,289.0,76.3,,,,,,
2008,08,6.52,0.47,6.59,28.1,206.1,286.5,76.7,,,,,,
2008,09,6.20,0.54,6.28,28.4,208.1,285.7,77.4,,,,,,
2008,10,6.16,0.51,6.23,28.5,204.5,281.1,76.1,,,,,,
2008,11,6.19,0.55,6.27,28.7,203.1,276.9,77.0,,,,,,
2008,12,5.51,0.55,5.59,28.5,204.6,285.2,75.1,,,,,,
2009,01,5.10,0.61,5.19,28.4,203.3,289.6,75.0,,,,,,
2009,02,5.04,0.53,5.11,28.0,204.6,292.1,74.3,,,,,,
2009,03,5.04,0.57,5.12,28.1,209.1,298.2,74.6,,,,,,
2009,04,4.87,0.53,4.95,28.2,212.7,299.1,74.9,,,,,,
2009,05,4.88,0.53,4.96,28.2,216.4,311.0,74.0,,,,,,
2009,06,5.11,0.51,5.18,28.4,226.4,321.2,74.6,,,,,,
2009,07,5.28,0.60,5.37,28.2,221.8,310.2,74.9,,,,,,
2009,08,5.28,0.59,5.36,27.9,214.9,301.7,74.9,,,,,,
2009,09,5.19,0.56,5.27,27.8,206.7,291.0,74.6,,,,,,
2009,10,5.05,0.58,5.13,27.8,203.2,285.3,74.2,,,,,,
2009,11,5.05,0.54,5.13,27.8,205.0,290.1,74.2,,,,,,
2009,12,4.97,0.57,5.06,27.1,210.7,294.8,74.3,,,,,,
2010,01,5.03,0.47,5.10,27.5,207.9,303.5,72.6,,,,,,
2010,02,5.08,0.58,5.17,27.2,202.0,283.7,74.9,,,,,,
2010,03,5.03,0.55,5.11,27.3,205.7,288.4,74.5,,,,,,
2010,04,5.05,0.58,5.13,27.5,213.2,300.4,74.4,,,,,,
2010,05,5.05,0.67,5.15,27.1,211.4,294.4,74.1,,,,,,
2010,06,4.93,0.80,5.04,27.4,211.8,298.1,74.6,,,,,,
2010,07,4.80,0.88,4.93,27.3,211.3,298.2,74.5,,,,,,
2010,08,4.68,0.83,4.80,27.1,201.9,292.4,73.2,,,,,,
2010,09,4.59,0.85,4.71,27.3,195.4,279.4,73.4,,,,,,
2010,10,4.50,0.96,4.63,27.6,202.8,295.6,72.5,,,,,,
2010,11,4.47,0.83,4.59,27.9,202.7,289.9,75.2,,,,,,
2010,12,4.64,0.80,4.75,28.3,190.1,265.3,76.2,,,,,,
2011,01,4.76,0.82,4.88,26.9,184.5,269.3,73.2,,,,,,
2011,02,4.85,0.83,4.97,26.9,206.4,295.0,74.9,,,,,,
2011,03,4.95,0.97,5.09,27.0,196.5,271.3,75.9,,,,,,
2011,04,4.91,0.93,5.04,27.4,186.5,257.1,76.5,,,,,,
2011,05,4.85,0.95,4.98,27.4,203.3,280.3,76.0,,,,,,
2011,06,4.73,0.94,4.86,28.0,205.1,277.6,76.9,,,,,,
2011,07,4.65,0.97,4.79,28.1,195.1,268.8,76.4,,,,,,
2011,08,4.61,0.98,4.75,27.6,204.1,275.6,77.5,,,,,,
2011,09,4.54,0.98,4.68,29.0,207.4,276.1,78.6,,,,,,
2011,10,4.37,0.97,4.50,28.5,192.2,259.5,79.1,,,,,,
2011,11,4.41,0.86,4.53,27.9,183.8,247.4,78.3,,,,,,
2011,12,4.36,0.99,4.50,28.6,183.4,242.5,79.9,,,,,,
2012,01,4.40,0.98,4.54,28.2,208.4,285.1,77.6,,,,,,
2012,02,4.38,1.00,4.52,28.3,207.9,283.3,77.8,,,,,,
2012,03,4.01,1.04,4.09,26.6,224.8,314.1,75.1,,,,,,
2012,04,4.07,0.91,4.18,26.7,234.7,321.5,75.8,,,,,,
2012,05,3.93,1.05,4.08,27.2,241.8,325.9,76.7,,,,,,
2012,06,3.76,1.12,3.92,27.1,242.0,332.3,76.0,,,,,,
2012,07,3.72,0.97,3.86,27.1,238.1,325.6,76.2,,,,,,
2012,08,3.62,1.10,3.78,27.1,237.4,324.6,76.4,,,,,,
2012,09,3.65,0.97,3.78,26.9,233.1,319.3,76.2,,,,,,
2012,10,3.51,1.06,3.66,27.0,236.2,320.6,76.4,,,,,,
2012,11,3.42,1.10,3.57,26.9,251.9,350.3,75.7,,,,,,
2012,12,3.34,1.15,3.50,27.0,256.4,353.0,76.5,,,,,,
2013,01,3.40,0.95,3.53,26.8,236.3,328.2,76.9,,,,,,
2013,02,3.48,0.98,3.62,26.7,238.8,325.6,77.8,,,,,,
2013,03,3.61,0.93,3.74,26.9,241.7,329.8,78.0,,,,,,
2013,04,3.64,1.06,3.78,27.1,245.5,328.3,79.1,,,,,,
2013,05,3.48,1.23,3.64,27.7,264.5,349.9,78.9,,,,,,
2013,06,3.65,0.91,3.77,27.3,264.1,355.4,78.6,,,,,,
2013,07,4.12,0.95,4.25,27.2,257.4,343.7,78.9,,,,,,
2013,08,4.35,1.11,4.50,27.5,252.5,336.9,78.4,,,,,,
2013,09,4.48,1.12,4.64,27.2,243.8,326.4,78.6,,,,,,
2013,10,4.41,1.27,4.59,27.4,243.4,321.5,79.3,,,,,,
2013,11,4.31,1.24,4.49,27.4,233.4,309.0,79.2,,,,,,
2013,12,4.38,1.19,4.55,27.2,243.8,322.0,79.1,,,,,,
2014,01,4.53,1.28,4.70,27.7,243.3,320.8,79.3,,,,,,
2014,02,4.42,1.35,4.60,27.8,248.6,324.8,79.5,,,,,,
2014,03,4.36,1.22,4.53,27.6,240.4,316.4,79.3,,,,,,
2014,04,4.38,1.21,4.55,27.9,250.6,326.5,79.7,,,,,,
2014,05,4.30,1.26,4.48,28.0,251.4,326.3,79.9,,,,,,
2014,06,4.19,1.21,4.36,28.0,263.8,345.9,79.2,,,,,,
2014,07,4.20,1.23,4.37,28.2,257.9,338.4,78.8,,,,,,
2014,08,4.18,1.21,4.35,27.9,260.0,341.6,79.0,,,,,,
2014,09,4.17,1.20,4.34,27.9,244.8,323.4,78.7,,,,,,
2014,10,4.20,1.34,4.39,28.2,252.3,330.0,79.2,,,,,,
2014,11,4.09,1.30,4.27,27.8,255.3,340.1,78.7,,,,,,
2014,12,4.05,1.36,4.24,28.0,261.3,348.4,78.4,,,,,,
2015,01,3.95,1.22,4.12,27.9,262.4,351.1,78.7,,,,,,
2015,02,3.81,1.19,3.98,28.1,267.6,356.1,78.8,,,,,,
2015,03,3.86,1.17,4.03,28.1,285.2,387.9,77.9,,,,,,
2015,04,3.82,1.27,4.00,28.4,292.5,388.9,78.7,,,,,,
2015,05,3.78,1.16,3.94,28.5,293.8,391.5,78.4,,,,,,
2015,06,3.88,1.13,4.04,28.3,309.2,415.3,78.1,,,,,,
2015,07,4.04,1.30,4.22,28.3,290.0,385.8,78.7,,,,,,
2015,08,4.02,1.26,4.20,28.1,286.0,382.0,78.5,,,,,,
2015,09,3.97,1.26,4.14,28.0,285.1,383.2,78.3,,,,,,
2015,10,3.92,1.27,4.10,27.9,285.8,389.3,77.8,,,,,,
2015,11,3.88,1.24,4.06,28.2,300.4,403.1,78.5,,,,,,
2015,12,4.01,1.28,4.19,28.0,290.8,391.2,78.0,,,,,,
2016,01,4.04,1.16,4.20,28.1,286.9,392.6,77.8,,,,,,
2016,02,3.91,1.28,4.09,28.1,296.7,396.3,78.6,,,,,,
2016,03,3.76,1.18,3.92,28.5,309.5,411.5,79.4,,,,,,
2016,04,3.78,1.19,3.94,28.5,307.9,407.0,79.5,,,,,,
2016,05,3.72,1.16,3.87,28.7,318.8,416.3,80.1,,,,,,
2016,06,3.72,1.15,3.87,28.8,323.8,421.0,80.4,,,,,,
2016,07,3.65,1.22,3.81,28.7,311.6,405.9,80.5,,,,,,
2016,08,3.60,1.21,3.77,28.6,306.2,396.7,80.8,,,,,,
2016,09,3.62,1.33,3.79,28.6,285.6,371.9,80.6,,,,,,
2016,10,3.64,1.25,3.78,28.3,293.2,382.0,80.5,,,,,,
2016,11,3.68,1.29,3.84,28.4,290.8,382.0,80.4,,,,,,
2016,12,4.02,1.30,4.18,28.4,292.6,384.3,80.0,,,,,,
2017,01,4.25,1.32,4.42,28.3,281.9,370.9,79.9,,,,,,
2017,02,4.29,1.35,4.46,28.4,279.0,364.4,80.3,,,,,,
2017,03,4.12,1.27,4.29,28.5,292.9,383.2,80.3,,,,,,
2017,04,3.97,1.12,4.11,28.6,295.7,385.2,80.2,,,,,,
2017,05,3.88,1.11,4.01,28.8,301.1,390.9,80.4,,,,,,
2017,06,4.00,1.21,4.14,28.7,308.9,404.5,79.6,,,,,,
2017,07,4.00,1.19,4.14,28.6,305.4,398.9,80.2,,,,,,
2017,08,4.05,1.17,4.20,28.6,294.6,383.7,80.1,,,,,,
2017,09,4.00,1.22,4.16,28.4,278.0,365.4,79.6,,,,,,
2017,10,3.99,1.15,4.11,28.4,290.3,381.8,79.5,,,,,,
2017,11,4.06,1.17,4.20,28.4,290.5,383.4,79.2,,,,,,
2017,12,4.08,1.16,4.22,28.4,291.5,381.9,79.7,,,,,,
2018,01,4.12,1.15,4.28,28.3,278.4,364.0,80.1,,,,,,
2018,02,4.29,1.10,4.43,28.3,290.6,384.3,79.3,,,,,,
2018,03,4.49,1.07,4.64,28.7,301.4,399.1,79.3,,,,,,
2018,04,4.52,1.11,4.67,28.6,302.1,396.6,79.4,,,,,,
2018,05,4.57,1.07,4.71,28.6,308.4,406.6,79.1,,,,,,
2018,06,4.60,1.07,4.74,28.6,325.0,431.6,78.4,,,,,,
2018,07,4.60,1.08,4.75,28.6,311.9,407.9,79.4,,,,,,
2018,08,4.63,1.08,4.78,28.6,303.9,403.3,78.8,,,,,,
2018,09,4.62,1.07,4.77,28.5,289.5,386.0,78.2,,,,,,
2018,10,4.75,1.00,4.88,28.7,301.0,397.3,78.8,,,,,,
2018,11,4.86,0.99,4.99,28.7,301.5,396.5,78.8,,,,,,
2018,12,4.83,1.15,4.99,28.6,294.8,388.5,79.2,,,,,,
,,,,,,,,,,,,,,
,,,,,,,,,,,,,,
,,,,,,,,,,,,,,
,,"Note: Starting in 2012, data is unweighted.",,,,,,,,,,,,
,,,,,,,,,,,,,,
,,Source: Federal Housing Finance Agency,,,,,,,,,,,,
,,            Monthly Interest Rate Survey,,,,,,,,,,,,
,,,,,,,,,,,,,,
,,,,,,,,,,,,,,
,,,,,,,,,,,,,,
,,,,,,,,,,,,,,
,,,,,,,,,,,,,,
,,,,,,,,,,,,,,
,,,,,,,,,,,,,,
,,,,,,,,,,,,,,
,,,,,,,,,,,,,,
,,,,,,,,,,,,,,
,,,,,,,,,,,,,,
,,,,,,,,,,,,,,
,,,,,,,,,,,,,,
,,,,,,,,,,,,,,
,,,,,,,,,,,,,,
,,,,,,,,,,,,,,
,,,,,,,,,,,,,,
,,,,,,,,,,,,,,
,,,,,,,,,,,,,,
,,,,,,,,,,,,,,
,,,,,,,,,,,,,,
,,,,,,,,,,,,,,
,,,,,,,,,,,,,,
,,,,,,,,,,,,,,
,,,,,,,,,,,,,,
,,,,,,,,,,,,,,
,,,,,,,,,,,,,,
,,,,,,,,,,,,,,
,,,,,,,,,,,,,,
,,,,,,,,,,,,,,
,,,,,,,,,,,,,,
,,,,,,,,,,,,,,
,,,,,,,,,,,,,,
,,,,,,,,,,,,,,
,,,,,,,,,,,,,,
,,,,,,,,,,,,,,
,,,,,,,,,,,,,,
,,,,,,,,,,,,,,
,,,,,,,,,,,,,,
,,,,,,,,,,,,,,
,,,,,,,,,,,,,,
,,,,,,,,,,,,,,
,,,,,,,,,,,,,,
,,,,,,,,,,,,,,
,,,,,,,,,,,,,,
,,,,,,,,,,,,,,
,,,,,,,,,,,,,,
,,,,,,,,,,,,,,
,,,,,,,,,,,,,,
,,,,,,,,,,,,,,
,,,,,,,,,,,,,,
,,,,,,,,,,,,,,
,,,,,,,,,,,,,,
,,,,,,,,,,,,,,
,,,,,,,,,,,,,,
,,,,,,,,,,,,,,
,,,,,,,,,,,,,,
,,,,,,,,,,,,,,
,,,,,,,,,,,,,,
,,,,,,,,,,,,,,
,,,,,,,,,,,,,,
,,,,,,,,,,,,,,
,,,,,,,,,,,,,,
,,,,,,,,,,,,,,
,,,,,,,,,,,,,,