cd,yr,qtr,index_nsa,index_sa,note
DV_ENC,1991,1,100,100,
DV_ENC,1991,2,101.34,100.53,
DV_ENC,1991,3,102.1,101.23,
DV_ENC,1991,4,102.78,102.36,
DV_ENC,1992,1,103.89,103.91,
DV_ENC,1992,2,105.6,104.74,
DV_ENC,1992,3,106.7,105.8,
DV_ENC,1992,4,107.52,107.07,
DV_ENC,1993,1,107.57,107.62,
DV_ENC,1993,2,110.22,109.29,
DV_ENC,1993,3,111.75,110.8,
DV_ENC,1993,4,112.8,112.33,
DV_ENC,1994,1,114.02,114.1,
DV_ENC,1994,2,116.53,115.51,
DV_ENC,1994,3,117.85,116.85,
DV_ENC,1994,4,118.89,118.4,
DV_ENC,1995,1,119.93,120.03,
DV_ENC,1995,2,122.63,121.53,
DV_ENC,1995,3,124.39,123.33,
DV_ENC,1995,4,125.53,125.04,
DV_ENC,1996,1,126.64,126.74,
DV_ENC,1996,2,129.54,128.36,
DV_ENC,1996,3,130.66,129.56,
DV_ENC,1996,4,131.35,130.84,
DV_ENC,1997,1,131.98,132.06,
DV_ENC,1997,2,134.58,133.37,
DV_ENC,1997,3,135.95,134.81,
DV_ENC,1997,4,136.24,135.7,
DV_ENC,1998,1,137.07,137.12,
DV_ENC,1998,2,139.64,138.44,
DV_ENC,1998,3,141.07,139.9,
DV_ENC,1998,4,142.59,141.98,
DV_ENC,1999,1,143.72,143.76,
DV_ENC,1999,2,147.03,145.83,
DV_ENC,1999,3,149.36,148.09,
DV_ENC,1999,4,150.69,150,
DV_ENC,2000,1,152.37,152.4,
DV_ENC,2000,2,155.21,154.03,
DV_ENC,2000,3,157.23,155.84,
DV_ENC,2000,4,158.54,157.75,
DV_ENC,2001,1,159.71,159.8,
DV_ENC,2001,2,162.39,161.19,
DV_ENC,2001,3,164.46,162.93,
DV_ENC,2001,4,165.34,164.5,
DV_ENC,2002,1,165.72,165.92,
DV_ENC,2002,2,168.87,167.61,
DV_ENC,2002,3,170.89,169.21,
DV_ENC,2002,4,171.65,170.76,
DV_ENC,2003,1,172.47,172.82,
DV_ENC,2003,2,175.69,174.32,
DV_ENC,2003,3,177.44,175.62,
DV_ENC,2003,4,178.6,177.68,
DV_ENC,2004,1,177.88,178.4,
DV_ENC,2004,2,181.79,180.29,
DV_ENC,2004,3,183.76,181.74,
DV_ENC,2004,4,184.65,183.73,
DV_ENC,2005,1,185.15,185.87,
DV_ENC,2005,2,188.96,187.32,
DV_ENC,2005,3,190.75,188.41,
DV_ENC,2005,4,190.72,189.83,
DV_ENC,2006,1,189.64,190.68,
DV_ENC,2006,2,192.32,190.6,
DV_ENC,2006,3,192.59,189.82,
DV_ENC,2006,4,189.92,189.11,
DV_ENC,2007,1,187.15,188.63,
DV_ENC,2007,2,186.7,184.95,
DV_ENC,2007,3,183.86,180.76,
DV_ENC,2007,4,176.85,176.06,
DV_ENC,2008,1,170.28,172.19,
DV_ENC,2008,2,169.31,167.58,
DV_ENC,2008,3,166,162.83,
DV_ENC,2008,4,155.79,154.97,
DV_ENC,2009,1,149.01,151.17,
DV_ENC,2009,2,150.95,149.23,
DV_ENC,2009,3,151.95,148.75,
DV_ENC,2009,4,150.16,149.2,
DV_ENC,2010,1,145.29,147.8,
DV_ENC,2010,2,149.71,147.76,
DV_ENC,2010,3,146.09,142.89,
DV_ENC,2010,4,143.12,142.2,
DV_ENC,2011,1,136.95,139.55,
DV_ENC,2011,2,139.98,137.97,
DV_ENC,2011,3,141.98,138.75,
DV_ENC,2011,4,139.19,138.43,
DV_ENC,2012,1,136.56,139.22,
DV_ENC,2012,2,142.89,140.61,
DV_ENC,2012,3,144.81,141.47,
DV_ENC,2012,4,143.99,143.4,
DV_ENC,2013,1,143.04,145.76,
DV_ENC,2013,2,151.04,148.47,
DV_ENC,2013,3,154.39,150.81,
DV_ENC,2013,4,153.06,152.67,
DV_ENC,2014,1,151.88,154.6,
DV_ENC,2014,2,160.09,157.23,
DV_ENC,2014,3,163.59,159.91,
DV_ENC,2014,4,161.4,161.13,
DV_ENC,2015,1,160.78,163.39,
DV_ENC,2015,2,168.59,165.56,
DV_ENC,2015,3,170.42,166.76,
DV_ENC,2015,4,168.83,168.58,
DV_ENC,2016,1,169.22,171.62,
DV_ENC,2016,2,176.89,173.8,
DV_ENC,2016,3,180.25,176.58,
DV_ENC,2016,4,179.8,179.45,
DV_ENC,2017,1,179.99,182.24,
DV_ENC,2017,2,187.93,184.81,
DV_ENC,2017,3,192.04,188.32,
DV_ENC,2017,4,192.73,192.23,
DV_ENC,2018,1,193.75,195.95,
DV_ENC,2018,2,202.22,199,
DV_ENC,2018,3,206.01,202.14,
DV_ENC,2018,4,205.86,205.2,
DV_ENC,2019,1,205.71,207.95,
DV_ESC,1991,1,100,100,
DV_ESC,1991,2,100.7,100.48,
DV_ESC,1991,3,101,100.65,
DV_ESC,1991,4,102.06,101.79,
DV_ESC,1992,1,103.19,103.2,
DV_ESC,1992,2,103.76,103.53,
DV_ESC,1992,3,104.98,104.6,
DV_ESC,1992,4,106.07,105.78,
DV_ESC,1993,1,106.44,106.48,
DV_ESC,1993,2,108.24,107.99,
DV_ESC,1993,3,109.63,109.19,
DV_ESC,1993,4,110.76,110.47,
DV_ESC,1994,1,112.03,112.11,
DV_ESC,1994,2,113.85,113.58,
DV_ESC,1994,3,115.13,114.63,
DV_ESC,1994,4,116.17,115.87,
DV_ESC,1995,1,117.67,117.78,
DV_ESC,1995,2,119.62,119.33,
DV_ESC,1995,3,121.27,120.7,
DV_ESC,1995,4,122.48,122.2,
DV_ESC,1996,1,122.39,122.52,
DV_ESC,1996,2,124.84,124.51,
DV_ESC,1996,3,126.42,125.82,
DV_ESC,1996,4,126.93,126.65,
DV_ESC,1997,1,128.17,128.31,
DV_ESC,1997,2,129.09,128.73,
DV_ESC,1997,3,130.76,130.15,
DV_ESC,1997,4,133.58,133.31,
DV_ESC,1998,1,134.35,134.48,
DV_ESC,1998,2,137.01,136.58,
DV_ESC,1998,3,138.69,138.07,
DV_ESC,1998,4,140.02,139.75,
DV_ESC,1999,1,141.38,141.53,
DV_ESC,1999,2,143.91,143.39,
DV_ESC,1999,3,145.41,144.8,
DV_ESC,1999,4,146.68,146.41,
DV_ESC,2000,1,148.17,148.35,
DV_ESC,2000,2,149.81,149.22,
DV_ESC,2000,3,150.86,150.26,
DV_ESC,2000,4,151.59,151.27,
DV_ESC,2001,1,152.08,152.31,
DV_ESC,2001,2,154.19,153.54,
DV_ESC,2001,3,154.93,154.32,
DV_ESC,2001,4,155.84,155.49,
DV_ESC,2002,1,155.96,156.24,
DV_ESC,2002,2,157.98,157.32,
DV_ESC,2002,3,158.99,158.34,
DV_ESC,2002,4,159.89,159.51,
DV_ESC,2003,1,160.99,161.32,
DV_ESC,2003,2,163.15,162.47,
DV_ESC,2003,3,164.97,164.24,
DV_ESC,2003,4,166.31,165.93,
DV_ESC,2004,1,166.39,166.77,
DV_ESC,2004,2,169.72,169,
DV_ESC,2004,3,172.45,171.61,
DV_ESC,2004,4,174.42,174.04,
DV_ESC,2005,1,176.81,177.34,
DV_ESC,2005,2,180.08,179.26,
DV_ESC,2005,3,183.6,182.56,
DV_ESC,2005,4,186.53,186.16,
DV_ESC,2006,1,189.15,189.96,
DV_ESC,2006,2,192.84,191.84,
DV_ESC,2006,3,194.28,193,
DV_ESC,2006,4,195.12,194.71,
DV_ESC,2007,1,195.2,196.4,
DV_ESC,2007,2,197.44,196.23,
DV_ESC,2007,3,196.41,194.95,
DV_ESC,2007,4,193.67,193.24,
DV_ESC,2008,1,189.86,191.41,
DV_ESC,2008,2,190.56,189.2,
DV_ESC,2008,3,188.05,186.51,
DV_ESC,2008,4,182.06,181.61,
DV_ESC,2009,1,176.38,178.14,
DV_ESC,2009,2,178.98,177.53,
DV_ESC,2009,3,179.07,177.51,
DV_ESC,2009,4,177.87,177.45,
DV_ESC,2010,1,171.47,173.39,
DV_ESC,2010,2,174.49,172.95,
DV_ESC,2010,3,169.43,167.88,
DV_ESC,2010,4,167.78,167.46,
DV_ESC,2011,1,163.99,165.91,
DV_ESC,2011,2,166.34,164.75,
DV_ESC,2011,3,165.8,164.23,
DV_ESC,2011,4,164.07,163.9,
DV_ESC,2012,1,163.39,165.26,
DV_ESC,2012,2,165.96,164.27,
DV_ESC,2012,3,166.74,165.14,
DV_ESC,2012,4,167.59,167.59,
DV_ESC,2013,1,166,167.77,
DV_ESC,2013,2,171.38,169.58,
DV_ESC,2013,3,174.27,172.59,
DV_ESC,2013,4,171.47,171.61,
DV_ESC,2014,1,171.99,173.69,
DV_ESC,2014,2,177.58,175.72,
DV_ESC,2014,3,179.42,177.7,
DV_ESC,2014,4,179.29,179.52,
DV_ESC,2015,1,179.96,181.59,
DV_ESC,2015,2,185.7,183.79,
DV_ESC,2015,3,186.13,184.41,
DV_ESC,2015,4,186.66,186.91,
DV_ESC,2016,1,187.7,189.27,
DV_ESC,2016,2,193.4,191.5,
DV_ESC,2016,3,195.77,194,
DV_ESC,2016,4,197.04,197.28,
DV_ESC,2017,1,197.96,199.47,
DV_ESC,2017,2,204.16,202.26,
DV_ESC,2017,3,207.29,205.44,
DV_ESC,2017,4,207.87,208.05,
DV_ESC,2018,1,210.56,212.09,
DV_ESC,2018,2,216.39,214.5,
DV_ESC,2018,3,220.28,218.28,
DV_ESC,2018,4,220.74,220.9,
DV_ESC,2019,1,222.06,223.62,
DV_MA,1991,1,100,100,
DV_MA,1991,2,100,99.55,
DV_MA,1991,3,100.18,99.22,
DV_MA,1991,4,100.92,100.28,
DV_MA,1992,1,101.31,101.36,
DV_MA,1992,2,101.68,101.19,
DV_MA,1992,3,102.24,101.23,
DV_MA,1992,4,102.93,102.29,
DV_MA,1993,1,101.18,101.32,
DV_MA,1993,2,102.21,101.66,
DV_MA,1993,3,102.8,101.72,
DV_MA,1993,4,103.01,102.42,
DV_MA,1994,1,102.48,102.71,
DV_MA,1994,2,103.37,102.72,
DV_MA,1994,3,103.99,102.82,
DV_MA,1994,4,102.8,102.26,
DV_MA,1995,1,102.03,102.34,
DV_MA,1995,2,103.3,102.56,
DV_MA,1995,3,104.2,102.97,
DV_MA,1995,4,103.55,103.05,
DV_MA,1996,1,102.88,103.26,
DV_MA,1996,2,104.45,103.61,
DV_MA,1996,3,104.74,103.51,
DV_MA,1996,4,104.05,103.54,
DV_MA,1997,1,103.19,103.63,
DV_MA,1997,2,104.91,104.03,
DV_MA,1997,3,105.36,104.11,
DV_MA,1997,4,105.21,104.7,
DV_MA,1998,1,105.02,105.47,
DV_MA,1998,2,107.61,106.73,
DV_MA,1998,3,108.89,107.56,
DV_MA,1998,4,109.64,109.09,
DV_MA,1999,1,110.38,110.84,
DV_MA,1999,2,113.03,112.18,
DV_MA,1999,3,115.39,113.92,
DV_MA,1999,4,116.21,115.61,
DV_MA,2000,1,117.09,117.59,
DV_MA,2000,2,120.01,119.19,
DV_MA,2000,3,123.08,121.44,
DV_MA,2000,4,124.25,123.56,
DV_MA,2001,1,124.88,125.46,
DV_MA,2001,2,129.05,128.24,
DV_MA,2001,3,132.9,131.07,
DV_MA,2001,4,134.3,133.48,
DV_MA,2002,1,135.94,136.61,
DV_MA,2002,2,140.68,139.83,
DV_MA,2002,3,145.36,143.34,
DV_MA,2002,4,148.63,147.67,
DV_MA,2003,1,150.91,151.69,
DV_MA,2003,2,156.48,155.56,
DV_MA,2003,3,162.55,160.3,
DV_MA,2003,4,165.41,164.3,
DV_MA,2004,1,165.52,166.35,
DV_MA,2004,2,172.29,171.27,
DV_MA,2004,3,177.63,175.2,
DV_MA,2004,4,181.25,180.02,
DV_MA,2005,1,184.41,185.27,
DV_MA,2005,2,191.98,190.84,
DV_MA,2005,3,198.94,196.28,
DV_MA,2005,4,202.83,201.47,
DV_MA,2006,1,204.86,205.74,
DV_MA,2006,2,209.31,208.06,
DV_MA,2006,3,212.27,209.44,
DV_MA,2006,4,211.92,210.52,
DV_MA,2007,1,210.99,211.91,
DV_MA,2007,2,210.92,209.63,
DV_MA,2007,3,210.47,207.59,
DV_MA,2007,4,206.77,205.34,
DV_MA,2008,1,202.68,203.78,
DV_MA,2008,2,201.2,199.89,
DV_MA,2008,3,199.08,196.18,
DV_MA,2008,4,193.98,192.6,
DV_MA,2009,1,187.74,189.12,
DV_MA,2009,2,188.39,187,
DV_MA,2009,3,189.87,186.91,
DV_MA,2009,4,188.08,186.74,
DV_MA,2010,1,183.55,185.28,
DV_MA,2010,2,186.47,184.88,
DV_MA,2010,3,182.52,179.48,
DV_MA,2010,4,179.94,178.75,
DV_MA,2011,1,174.47,176.38,
DV_MA,2011,2,177.32,175.6,
DV_MA,2011,3,179.21,176.06,
DV_MA,2011,4,175.17,174.15,
DV_MA,2012,1,172.8,174.83,
DV_MA,2012,2,177.87,176,
DV_MA,2012,3,178.96,175.7,
DV_MA,2012,4,178.11,177.2,
DV_MA,2013,1,176.13,178.23,
DV_MA,2013,2,181.02,179.04,
DV_MA,2013,3,183.8,180.39,
DV_MA,2013,4,182.28,181.43,
DV_MA,2014,1,179.77,181.93,
DV_MA,2014,2,184.76,182.69,
DV_MA,2014,3,187.94,184.39,
DV_MA,2014,4,185.59,184.75,
DV_MA,2015,1,184.12,186.28,
DV_MA,2015,2,190.25,188.12,
DV_MA,2015,3,191.26,187.63,
DV_MA,2015,4,188.76,187.9,
DV_MA,2016,1,187.4,189.54,
DV_MA,2016,2,193.34,191.22,
DV_MA,2016,3,196.86,193.13,
DV_MA,2016,4,195.87,194.95,
DV_MA,2017,1,194.23,196.36,
DV_MA,2017,2,200.65,198.51,
DV_MA,2017,3,205.6,201.71,
DV_MA,2017,4,206.2,205.17,
DV_MA,2018,1,206.21,208.42,
DV_MA,2018,2,214.08,211.82,
DV_MA,2018,3,218.85,214.71,
DV_MA,2018,4,218.76,217.6,
DV_MA,2019,1,217.83,220.14,
DV_MT,1991,1,100,100,
DV_MT,1991,2,100.7,100.3,
DV_MT,1991,3,102.16,101.38,
DV_MT,1991,4,103.56,103.14,
DV_MT,1992,1,104.13,104.15,
DV_MT,1992,2,105.75,105.28,
DV_MT,1992,3,107.86,107.02,
DV_MT,1992,4,109.67,109.25,
DV_MT,1993,1,111.26,111.33,
DV_MT,1993,2,114.72,114.13,
DV_MT,1993,3,118.13,117.2,
DV_MT,1993,4,120.46,120.06,
DV_MT,1994,1,122.97,123.07,
DV_MT,1994,2,126.97,126.23,
DV_MT,1994,3,129.88,128.85,
DV_MT,1994,4,131.73,131.39,
DV_MT,1995,1,133.33,133.43,
DV_MT,1995,2,136.74,135.86,
DV_MT,1995,3,139.04,137.96,
DV_MT,1995,4,140.1,139.81,
DV_MT,1996,1,141.77,141.82,
DV_MT,1996,2,144.6,143.62,
DV_MT,1996,3,145.99,144.92,
DV_MT,1996,4,146.6,146.33,
DV_MT,1997,1,147.9,147.91,
DV_MT,1997,2,150.06,149.03,
DV_MT,1997,3,151.45,150.38,
DV_MT,1997,4,151.76,151.48,
DV_MT,1998,1,153.54,153.51,
DV_MT,1998,2,156.07,154.99,
DV_MT,1998,3,158,156.91,
DV_MT,1998,4,159.55,159.21,
DV_MT,1999,1,161.25,161.25,
DV_MT,1999,2,164.97,163.82,
DV_MT,1999,3,167.4,166.27,
DV_MT,1999,4,169.44,169.04,
DV_MT,2000,1,171.59,171.62,
DV_MT,2000,2,175.31,174.09,
DV_MT,2000,3,177.54,176.33,
DV_MT,2000,4,179.39,178.91,
DV_MT,2001,1,181.92,182.03,
DV_MT,2001,2,185.3,184.02,
DV_MT,2001,3,187.52,186.18,
DV_MT,2001,4,188.7,188.18,
DV_MT,2002,1,189.84,190.05,
DV_MT,2002,2,193.78,192.45,
DV_MT,2002,3,195.95,194.47,
DV_MT,2002,4,197.38,196.82,
DV_MT,2003,1,199.01,199.35,
DV_MT,2003,2,203.11,201.7,
DV_MT,2003,3,206.85,205.17,
DV_MT,2003,4,209.97,209.39,
DV_MT,2004,1,213.71,214.2,
DV_MT,2004,2,222.66,221.09,
DV_MT,2004,3,230.21,228.18,
DV_MT,2004,4,236.58,235.94,
DV_MT,2005,1,245.31,246.05,
DV_MT,2005,2,258.43,256.61,
DV_MT,2005,3,270.16,267.49,
DV_MT,2005,4,277.39,276.69,
DV_MT,2006,1,283.21,284.37,
DV_MT,2006,2,290.7,288.65,
DV_MT,2006,3,294.12,290.84,
DV_MT,2006,4,294.43,293.66,
DV_MT,2007,1,293.06,294.73,
DV_MT,2007,2,294,291.84,
DV_MT,2007,3,288.9,285.39,
DV_MT,2007,4,276.95,276.14,
DV_MT,2008,1,264.33,266.27,
DV_MT,2008,2,257.73,255.7,
DV_MT,2008,3,248.75,245.59,
DV_MT,2008,4,232.59,231.83,
DV_MT,2009,1,218.11,220.01,
DV_MT,2009,2,216.28,214.37,
DV_MT,2009,3,216.54,213.74,
DV_MT,2009,4,214.65,213.91,
DV_MT,2010,1,209.39,211.28,
DV_MT,2010,2,210.76,208.7,
DV_MT,2010,3,204.27,201.69,
DV_MT,2010,4,198.7,198.11,
DV_MT,2011,1,192.35,194.03,
DV_MT,2011,2,193.14,191.07,
DV_MT,2011,3,193.89,191.53,
DV_MT,2011,4,193.54,193.13,
DV_MT,2012,1,196.31,197.8,
DV_MT,2012,2,206.97,204.66,
DV_MT,2012,3,213.75,211.25,
DV_MT,2012,4,217.72,217.47,
DV_MT,2013,1,223.04,224.4,
DV_MT,2013,2,233.74,231.11,
DV_MT,2013,3,239.71,237,
DV_MT,2013,4,241.33,241.23,
DV_MT,2014,1,244.6,245.73,
DV_MT,2014,2,250.98,248.21,
DV_MT,2014,3,254.76,252.03,
DV_MT,2014,4,256.27,256.26,
DV_MT,2015,1,260,260.89,
DV_MT,2015,2,268.26,265.36,
DV_MT,2015,3,273.08,270.34,
DV_MT,2015,4,274.86,274.82,
DV_MT,2016,1,279.11,279.76,
DV_MT,2016,2,287.76,284.74,
DV_MT,2016,3,292.57,289.85,
DV_MT,2016,4,295.86,295.74,
DV_MT,2017,1,300.84,301.31,
DV_MT,2017,2,310.69,307.48,
DV_MT,2017,3,316.7,313.92,
DV_MT,2017,4,321.1,320.89,
DV_MT,2018,1,329.34,329.71,
DV_MT,2018,2,339.74,336.24,
DV_MT,2018,3,346.17,343.24,
DV_MT,2018,4,349.93,349.64,
DV_MT,2019,1,355.15,355.43,
DV_NE,1991,1,100,100,
DV_NE,1991,2,98.5,98.31,
DV_NE,1991,3,97.95,97.36,
DV_NE,1991,4,97.24,97.31,
DV_NE,1992,1,98.02,98.09,
DV_NE,1992,2,96.59,96.36,
DV_NE,1992,3,96.32,95.7,
DV_NE,1992,4,96.59,96.65,
DV_NE,1993,1,93.91,94.1,
DV_NE,1993,2,95.28,95,
DV_NE,1993,3,95.47,94.8,
DV_NE,1993,4,94.88,94.92,
DV_NE,1994,1,94.99,95.33,
DV_NE,1994,2,96.06,95.7,
DV_NE,1994,3,96.38,95.63,
DV_NE,1994,4,95.52,95.58,
DV_NE,1995,1,95.04,95.5,
DV_NE,1995,2,96.39,95.96,
DV_NE,1995,3,97.51,96.68,
DV_NE,1995,4,96.81,96.87,
DV_NE,1996,1,97.33,97.92,
DV_NE,1996,2,98.87,98.37,
DV_NE,1996,3,99.89,98.98,
DV_NE,1996,4,99.41,99.47,
DV_NE,1997,1,99.89,100.58,
DV_NE,1997,2,101.72,101.16,
DV_NE,1997,3,102.98,102,
DV_NE,1997,4,103.53,103.54,
DV_NE,1998,1,104.35,105.19,
DV_NE,1998,2,107.52,106.9,
DV_NE,1998,3,109.91,108.81,
DV_NE,1998,4,111.2,111.19,
DV_NE,1999,1,112.65,113.65,
DV_NE,1999,2,117.35,116.65,
DV_NE,1999,3,120.76,119.5,
DV_NE,1999,4,122.44,122.39,
DV_NE,2000,1,124.45,125.65,
DV_NE,2000,2,130.43,129.69,
DV_NE,2000,3,134.88,133.39,
DV_NE,2000,4,137.58,137.49,
DV_NE,2001,1,140.06,141.46,
DV_NE,2001,2,146.37,145.59,
DV_NE,2001,3,151.76,150.03,
DV_NE,2001,4,153.44,153.31,
DV_NE,2002,1,156.12,157.67,
DV_NE,2002,2,163.84,163.01,
DV_NE,2002,3,170.76,168.8,
DV_NE,2002,4,174.04,173.87,
DV_NE,2003,1,176.53,178.25,
DV_NE,2003,2,183.34,182.41,
DV_NE,2003,3,189.51,187.37,
DV_NE,2003,4,193.91,193.72,
DV_NE,2004,1,196.98,198.86,
DV_NE,2004,2,206.36,205.29,
DV_NE,2004,3,213.34,211.07,
DV_NE,2004,4,216.76,216.51,
DV_NE,2005,1,220.82,222.88,
DV_NE,2005,2,229.06,227.82,
DV_NE,2005,3,234.58,232.16,
DV_NE,2005,4,234.72,234.41,
DV_NE,2006,1,233.5,235.68,
DV_NE,2006,2,237.1,235.84,
DV_NE,2006,3,235.4,232.93,
DV_NE,2006,4,232.97,232.57,
DV_NE,2007,1,228.68,231.04,
DV_NE,2007,2,228.97,227.66,
DV_NE,2007,3,226.38,223.93,
DV_NE,2007,4,220.89,220.32,
DV_NE,2008,1,212.95,215.53,
DV_NE,2008,2,211.09,209.74,
DV_NE,2008,3,208.4,206.04,
DV_NE,2008,4,200.19,199.49,
DV_NE,2009,1,195.86,198.72,
DV_NE,2009,2,197.79,196.28,
DV_NE,2009,3,198,195.61,
DV_NE,2009,4,196.31,195.54,
DV_NE,2010,1,188.29,191.47,
DV_NE,2010,2,194.4,192.64,
DV_NE,2010,3,190.04,187.49,
DV_NE,2010,4,188.45,187.8,
DV_NE,2011,1,181.96,185.44,
DV_NE,2011,2,186.19,184.18,
DV_NE,2011,3,187.16,184.39,
DV_NE,2011,4,182.8,182.39,
DV_NE,2012,1,178.53,182.19,
DV_NE,2012,2,185.55,183.27,
DV_NE,2012,3,187.18,184.17,
DV_NE,2012,4,186.73,186.58,
DV_NE,2013,1,185.76,189.61,
DV_NE,2013,2,194.29,191.74,
DV_NE,2013,3,198.36,195.05,
DV_NE,2013,4,195.09,195.17,
DV_NE,2014,1,193.1,196.93,
DV_NE,2014,2,201.95,199.29,
DV_NE,2014,3,203.53,200.19,
DV_NE,2014,4,201.97,202.14,
DV_NE,2015,1,200.13,203.8,
DV_NE,2015,2,211.03,208.3,
DV_NE,2015,3,213.29,210.06,
DV_NE,2015,4,211.64,211.71,
DV_NE,2016,1,210.37,213.82,
DV_NE,2016,2,219.07,216.44,
DV_NE,2016,3,222.93,219.89,
DV_NE,2016,4,223.42,223.29,
DV_NE,2017,1,224.53,227.8,
DV_NE,2017,2,232.1,229.57,
DV_NE,2017,3,236.54,233.59,
DV_NE,2017,4,238.23,237.89,
DV_NE,2018,1,239.11,242.22,
DV_NE,2018,2,246.44,244.03,
DV_NE,2018,3,251.03,248.07,
DV_NE,2018,4,251.92,251.4,
DV_NE,2019,1,251.19,254.24,
DV_PAC,1991,1,100,100,
DV_PAC,1991,2,101.18,100.35,
DV_PAC,1991,3,101.81,100.76,
DV_PAC,1991,4,101.61,100.98,
DV_PAC,1992,1,100.91,100.91,
DV_PAC,1992,2,100.49,99.66,
DV_PAC,1992,3,100.83,99.79,
DV_PAC,1992,4,99.83,99.23,
DV_PAC,1993,1,98.25,98.24,
DV_PAC,1993,2,98.75,97.92,
DV_PAC,1993,3,98.3,97.26,
DV_PAC,1993,4,97.76,97.21,
DV_PAC,1994,1,96.87,96.85,
DV_PAC,1994,2,98.27,97.43,
DV_PAC,1994,3,98.54,97.5,
DV_PAC,1994,4,98.16,97.66,
DV_PAC,1995,1,97.76,97.72,
DV_PAC,1995,2,98.54,97.67,
DV_PAC,1995,3,98.85,97.8,
DV_PAC,1995,4,98.22,97.78,
DV_PAC,1996,1,97.81,97.75,
DV_PAC,1996,2,98.9,97.98,
DV_PAC,1996,3,99.37,98.31,
DV_PAC,1996,4,99.14,98.74,
DV_PAC,1997,1,99.61,99.53,
DV_PAC,1997,2,101.2,100.23,
DV_PAC,1997,3,102.58,101.5,
DV_PAC,1997,4,103.35,102.97,
DV_PAC,1998,1,104.95,104.85,
DV_PAC,1998,2,108.18,107.12,
DV_PAC,1998,3,110.26,109.11,
DV_PAC,1998,4,111.7,111.3,
DV_PAC,1999,1,113.39,113.29,
DV_PAC,1999,2,117.32,116.15,
DV_PAC,1999,3,119.17,117.93,
DV_PAC,1999,4,121.35,120.9,
DV_PAC,2000,1,124.56,124.47,
DV_PAC,2000,2,129.24,127.96,
DV_PAC,2000,3,132.48,131.05,
DV_PAC,2000,4,135.6,135.08,
DV_PAC,2001,1,138.49,138.47,
DV_PAC,2001,2,141.99,140.6,
DV_PAC,2001,3,145.05,143.41,
DV_PAC,2001,4,146.45,145.84,
DV_PAC,2002,1,149.87,149.93,
DV_PAC,2002,2,156.76,155.29,
DV_PAC,2002,3,162.55,160.58,
DV_PAC,2002,4,166.56,165.86,
DV_PAC,2003,1,170.44,170.62,
DV_PAC,2003,2,177.87,176.23,
DV_PAC,2003,3,185.58,183.22,
DV_PAC,2003,4,192.83,191.97,
DV_PAC,2004,1,201.08,201.39,
DV_PAC,2004,2,214.87,212.95,
DV_PAC,2004,3,227.02,224.01,
DV_PAC,2004,4,235.59,234.46,
DV_PAC,2005,1,245.62,246.18,
DV_PAC,2005,2,259.71,257.45,
DV_PAC,2005,3,272.26,268.5,
DV_PAC,2005,4,278.8,277.33,
DV_PAC,2006,1,283.21,284.08,
DV_PAC,2006,2,288.38,286.02,
DV_PAC,2006,3,288.97,284.74,
DV_PAC,2006,4,285.47,283.75,
DV_PAC,2007,1,280.51,281.71,
DV_PAC,2007,2,274.9,272.7,
DV_PAC,2007,3,264.74,260.71,
DV_PAC,2007,4,246.67,244.99,
DV_PAC,2008,1,227.08,228.32,
DV_PAC,2008,2,215.61,213.89,
DV_PAC,2008,3,204.05,200.82,
DV_PAC,2008,4,189.92,188.51,
DV_PAC,2009,1,178.13,179.34,
DV_PAC,2009,2,176.05,174.53,
DV_PAC,2009,3,178.41,175.52,
DV_PAC,2009,4,178.62,177.3,
DV_PAC,2010,1,175.47,176.78,
DV_PAC,2010,2,177.97,176.29,
DV_PAC,2010,3,174.39,171.54,
DV_PAC,2010,4,170.27,169.12,
DV_PAC,2011,1,165.8,167.1,
DV_PAC,2011,2,166.18,164.39,
DV_PAC,2011,3,166.39,163.72,
DV_PAC,2011,4,164.44,163.53,
DV_PAC,2012,1,163.53,164.72,
DV_PAC,2012,2,170.99,168.95,
DV_PAC,2012,3,176.47,173.72,
DV_PAC,2012,4,180.85,180.06,
DV_PAC,2013,1,186.72,187.93,
DV_PAC,2013,2,198.73,196.15,
DV_PAC,2013,3,207.17,204.11,
DV_PAC,2013,4,210.46,209.75,
DV_PAC,2014,1,213.5,214.64,
DV_PAC,2014,2,221.69,218.7,
DV_PAC,2014,3,225.9,222.74,
DV_PAC,2014,4,227.34,226.69,
DV_PAC,2015,1,230.52,231.47,
DV_PAC,2015,2,239.49,236.23,
DV_PAC,2015,3,243.27,240.08,
DV_PAC,2015,4,245.55,244.91,
DV_PAC,2016,1,249.72,250.41,
DV_PAC,2016,2,258.24,254.79,
DV_PAC,2016,3,263.12,259.85,
DV_PAC,2016,4,266.57,265.85,
DV_PAC,2017,1,271.11,271.58,
DV_PAC,2017,2,280.69,277.04,
DV_PAC,2017,3,286.18,282.74,
DV_PAC,2017,4,290.59,289.78,
DV_PAC,2018,1,295.76,296.06,
DV_PAC,2018,2,304.75,300.88,
DV_PAC,2018,3,309.66,306,
DV_PAC,2018,4,310.66,309.75,
DV_PAC,2019,1,313.91,314.12,
DV_SA,1991,1,100,100,
DV_SA,1991,2,100.26,99.85,
DV_SA,1991,3,100.47,99.84,
DV_SA,1991,4,101.32,100.67,
DV_SA,1992,1,101.74,101.74,
DV_SA,1992,2,101.9,101.48,
DV_SA,1992,3,102.77,102.11,
DV_SA,1992,4,103.67,103.02,
DV_SA,1993,1,102.88,102.9,
DV_SA,1993,2,104.39,103.95,
DV_SA,1993,3,105.26,104.55,
DV_SA,1993,4,105.79,105.17,
DV_SA,1994,1,106.17,106.21,
DV_SA,1994,2,107.4,106.9,
DV_SA,1994,3,108.93,108.17,
DV_SA,1994,4,109.32,108.73,
DV_SA,1995,1,109.31,109.35,
DV_SA,1995,2,110.71,110.16,
DV_SA,1995,3,112.05,111.25,
DV_SA,1995,4,112.39,111.83,
DV_SA,1996,1,112.88,112.91,
DV_SA,1996,2,114.29,113.66,
DV_SA,1996,3,115.16,114.34,
DV_SA,1996,4,115.57,115.05,
DV_SA,1997,1,115.57,115.59,
DV_SA,1997,2,117.38,116.69,
DV_SA,1997,3,118.15,117.33,
DV_SA,1997,4,119.22,118.72,
DV_SA,1998,1,120.01,120.01,
DV_SA,1998,2,121.66,120.9,
DV_SA,1998,3,123.08,122.23,
DV_SA,1998,4,124.16,123.68,
DV_SA,1999,1,125.44,125.43,
DV_SA,1999,2,128.15,127.34,
DV_SA,1999,3,129.65,128.73,
DV_SA,1999,4,130.92,130.43,
DV_SA,2000,1,132.56,132.57,
DV_SA,2000,2,135.49,134.62,
DV_SA,2000,3,137.3,136.29,
DV_SA,2000,4,138.69,138.17,
DV_SA,2001,1,140.72,140.76,
DV_SA,2001,2,143.74,142.83,
DV_SA,2001,3,146.3,145.17,
DV_SA,2001,4,147.94,147.39,
DV_SA,2002,1,149.7,149.78,
DV_SA,2002,2,153.57,152.63,
DV_SA,2002,3,156.94,155.64,
DV_SA,2002,4,159.34,158.75,
DV_SA,2003,1,161.59,161.69,
DV_SA,2003,2,165.53,164.55,
DV_SA,2003,3,169.71,168.25,
DV_SA,2003,4,173.01,172.37,
DV_SA,2004,1,175.81,175.93,
DV_SA,2004,2,182.49,181.43,
DV_SA,2004,3,189.21,187.53,
DV_SA,2004,4,194.42,193.68,
DV_SA,2005,1,201.27,201.48,
DV_SA,2005,2,210.47,209.22,
DV_SA,2005,3,219.05,217.03,
DV_SA,2005,4,224.4,223.5,
DV_SA,2006,1,228.73,229.12,
DV_SA,2006,2,233.33,231.91,
DV_SA,2006,3,235.01,232.73,
DV_SA,2006,4,235.01,234,
DV_SA,2007,1,233.56,234.29,
DV_SA,2007,2,231.84,230.31,
DV_SA,2007,3,227.06,224.75,
DV_SA,2007,4,219.39,218.33,
DV_SA,2008,1,210.86,211.9,
DV_SA,2008,2,205.63,204.12,
DV_SA,2008,3,198.18,196.02,
DV_SA,2008,4,188.21,187.23,
DV_SA,2009,1,178.88,180.1,
DV_SA,2009,2,177.3,175.78,
DV_SA,2009,3,176.88,174.82,
DV_SA,2009,4,175.04,174.09,
DV_SA,2010,1,169.57,170.97,
DV_SA,2010,2,171.47,169.84,
DV_SA,2010,3,166.08,164.07,
DV_SA,2010,4,163.35,162.53,
DV_SA,2011,1,157.6,159.04,
DV_SA,2011,2,159.42,157.72,
DV_SA,2011,3,159.61,157.63,
DV_SA,2011,4,157.79,157.08,
DV_SA,2012,1,156.97,158.44,
DV_SA,2012,2,162.14,160.26,
DV_SA,2012,3,163.82,161.74,
DV_SA,2012,4,165.67,165.08,
DV_SA,2013,1,167.37,168.86,
DV_SA,2013,2,174.63,172.49,
DV_SA,2013,3,178.14,175.89,
DV_SA,2013,4,178.43,177.95,
DV_SA,2014,1,178.4,179.84,
DV_SA,2014,2,184.16,181.85,
DV_SA,2014,3,187.2,184.88,
DV_SA,2014,4,187.77,187.38,
DV_SA,2015,1,189.16,190.48,
DV_SA,2015,2,196.17,193.72,
DV_SA,2015,3,198.42,196.09,
DV_SA,2015,4,199.37,199.01,
DV_SA,2016,1,200.95,202.13,
DV_SA,2016,2,208.17,205.6,
DV_SA,2016,3,211.16,208.82,
DV_SA,2016,4,212.2,211.81,
DV_SA,2017,1,214.4,215.41,
DV_SA,2017,2,221.76,219.09,
DV_SA,2017,3,225.23,222.87,
DV_SA,2017,4,227.58,227.14,
DV_SA,2018,1,230.95,231.82,
DV_SA,2018,2,237.22,234.44,
DV_SA,2018,3,240.59,238.16,
DV_SA,2018,4,242.47,241.96,
DV_SA,2019,1,244.37,245.15,
DV_WNC,1991,1,100,100,
DV_WNC,1991,2,100.52,99.85,
DV_WNC,1991,3,101.05,100.21,
DV_WNC,1991,4,101.67,101.21,
DV_WNC,1992,1,102.57,102.59,
DV_WNC,1992,2,104.09,103.39,
DV_WNC,1992,3,105.21,104.3,
DV_WNC,1992,4,105.81,105.35,
DV_WNC,1993,1,106.2,106.25,
DV_WNC,1993,2,108.76,108.01,
DV_WNC,1993,3,110.76,109.75,
DV_WNC,1993,4,111.93,111.46,
DV_WNC,1994,1,113.18,113.25,
DV_WNC,1994,2,115.48,114.67,
DV_WNC,1994,3,117.47,116.35,
DV_WNC,1994,4,117.7,117.25,
DV_WNC,1995,1,118.3,118.36,
DV_WNC,1995,2,121.05,120.2,
DV_WNC,1995,3,123.33,122.13,
DV_WNC,1995,4,123.96,123.53,
DV_WNC,1996,1,124.79,124.83,
DV_WNC,1996,2,126.94,126.02,
DV_WNC,1996,3,128.75,127.47,
DV_WNC,1996,4,129.27,128.86,
DV_WNC,1997,1,130.24,130.25,
DV_WNC,1997,2,132.25,131.25,
DV_WNC,1997,3,134.09,132.75,
DV_WNC,1997,4,134.93,134.57,
DV_WNC,1998,1,136.57,136.59,
DV_WNC,1998,2,139.28,138.15,
DV_WNC,1998,3,141.16,139.73,
DV_WNC,1998,4,142.96,142.63,
DV_WNC,1999,1,144.63,144.67,
DV_WNC,1999,2,148.36,147.06,
DV_WNC,1999,3,151.06,149.52,
DV_WNC,1999,4,151.62,151.31,
DV_WNC,2000,1,154.16,154.25,
DV_WNC,2000,2,158.57,157.1,
DV_WNC,2000,3,160.99,159.32,
DV_WNC,2000,4,161.73,161.4,
DV_WNC,2001,1,163.81,163.96,
DV_WNC,2001,2,168.2,166.61,Note: DataQuick (County Records) Data Comprise Less than 10% of Total Sample
DV_WNC,2001,3,170.51,168.73,
DV_WNC,2001,4,171.51,171.12,
DV_WNC,2002,1,172.74,172.95,
DV_WNC,2002,2,176.7,175.03,
DV_WNC,2002,3,179.12,177.23,
DV_WNC,2002,4,180.56,180.1,
DV_WNC,2003,1,182.15,182.45,
DV_WNC,2003,2,186.18,184.42,
DV_WNC,2003,3,188.94,186.9,
DV_WNC,2003,4,189.58,189.06,
DV_WNC,2004,1,191.02,191.41,
DV_WNC,2004,2,196.31,194.47,
DV_WNC,2004,3,198.65,196.36,
DV_WNC,2004,4,200.19,199.69,
DV_WNC,2005,1,201.61,202.15,
DV_WNC,2005,2,206.56,204.59,
DV_WNC,2005,3,209.38,206.75,
DV_WNC,2005,4,209.97,209.5,
DV_WNC,2006,1,210.91,211.73,
DV_WNC,2006,2,214.47,212.35,
DV_WNC,2006,3,215.39,212.44,
DV_WNC,2006,4,213.63,213.13,
DV_WNC,2007,1,213.32,214.55,
DV_WNC,2007,2,215.5,213.19,
DV_WNC,2007,3,214.73,211.62,
DV_WNC,2007,4,208.63,207.99,
DV_WNC,2008,1,204.32,205.95,
DV_WNC,2008,2,205.95,203.59,
DV_WNC,2008,3,204.98,201.83,
DV_WNC,2008,4,197.27,196.52,
DV_WNC,2009,1,193.7,195.66,
DV_WNC,2009,2,197.37,194.92,
DV_WNC,2009,3,198.06,194.86,
DV_WNC,2009,4,197.45,196.6,
DV_WNC,2010,1,192.03,194.27,
DV_WNC,2010,2,197.06,194.49,
DV_WNC,2010,3,191.54,188.32,
DV_WNC,2010,4,188.71,187.92,
DV_WNC,2011,1,182.7,184.99,
DV_WNC,2011,2,186.1,183.55,
DV_WNC,2011,3,188.71,185.47,
DV_WNC,2011,4,185.96,185.32,
DV_WNC,2012,1,184.49,186.73,
DV_WNC,2012,2,190.96,188.27,
DV_WNC,2012,3,193.57,190.16,
DV_WNC,2012,4,192.51,192.06,
DV_WNC,2013,1,191.98,194.1,
DV_WNC,2013,2,199.99,197.13,
DV_WNC,2013,3,203.38,199.77,
DV_WNC,2013,4,200.68,200.44,
DV_WNC,2014,1,200.72,202.65,
DV_WNC,2014,2,208.15,205.14,
DV_WNC,2014,3,210.78,207.11,
DV_WNC,2014,4,210,209.88,
DV_WNC,2015,1,211.35,213.14,
DV_WNC,2015,2,217.62,214.41,
DV_WNC,2015,3,219.68,216.02,
DV_WNC,2015,4,219.4,219.31,
DV_WNC,2016,1,220.16,221.77,
DV_WNC,2016,2,227.76,224.42,
DV_WNC,2016,3,231.61,227.87,
DV_WNC,2016,4,230.47,230.4,
DV_WNC,2017,1,231.54,233.02,
DV_WNC,2017,2,240.67,237.2,
DV_WNC,2017,3,244.26,240.37,
DV_WNC,2017,4,243.98,243.93,
DV_WNC,2018,1,246.98,248.41,
DV_WNC,2018,2,254.46,250.85,
DV_WNC,2018,3,258.56,254.45,
DV_WNC,2018,4,257.89,257.87,
DV_WNC,2019,1,260.08,261.48,
DV_WSC,1991,1,100,100,Note: DataQuick (County Records) Data Comprise Less than 10% of Total Sample
DV_WSC,1991,2,100.69,100.34,
DV_WSC,1991,3,101.32,100.7,
DV_WSC,1991,4,101.5,101.05,
DV_WSC,1992,1,102.01,102.01,
DV_WSC,1992,2,102.35,101.99,
DV_WSC,1992,3,103.66,103.02,
DV_WSC,1992,4,104.77,104.33,
DV_WSC,1993,1,104.87,104.88,
DV_WSC,1993,2,106.91,106.5,
DV_WSC,1993,3,108.6,107.93,
DV_WSC,1993,4,109.8,109.36,
DV_WSC,1994,1,111.05,111.09,
DV_WSC,1994,2,112.25,111.75,
DV_WSC,1994,3,113.42,112.7,
DV_WSC,1994,4,114,113.6,
DV_WSC,1995,1,114.48,114.54,
DV_WSC,1995,2,116.18,115.59,
DV_WSC,1995,3,118.02,117.26,
DV_WSC,1995,4,118.81,118.45,
DV_WSC,1996,1,119.17,119.24,
DV_WSC,1996,2,121.05,120.36,
DV_WSC,1996,3,121.65,120.85,
DV_WSC,1996,4,121.78,121.48,
DV_WSC,1997,1,122.39,122.45,
DV_WSC,1997,2,124.06,123.3,
DV_WSC,1997,3,124.97,124.15,
DV_WSC,1997,4,125.47,125.21,
DV_WSC,1998,1,126.39,126.43,
DV_WSC,1998,2,128.74,127.91,
DV_WSC,1998,3,130.49,129.64,
DV_WSC,1998,4,131.63,131.38,
DV_WSC,1999,1,133.13,133.17,
DV_WSC,1999,2,135.74,134.85,
DV_WSC,1999,3,137.37,136.47,
DV_WSC,1999,4,138.53,138.28,
DV_WSC,2000,1,140.5,140.53,
DV_WSC,2000,2,143.56,142.62,
DV_WSC,2000,3,145.4,144.45,
DV_WSC,2000,4,146.45,146.19,
DV_WSC,2001,1,147.96,148,
DV_WSC,2001,2,150.51,149.52,
DV_WSC,2001,3,152.1,151.1,
DV_WSC,2001,4,153.02,152.75,
DV_WSC,2002,1,153.7,153.74,
DV_WSC,2002,2,156.35,155.31,
DV_WSC,2002,3,157.72,156.67,
DV_WSC,2002,4,158.33,158.06,
DV_WSC,2003,1,159.44,159.5,
DV_WSC,2003,2,161.26,160.17,
DV_WSC,2003,3,162.37,161.27,
DV_WSC,2003,4,162.75,162.49,
DV_WSC,2004,1,163.31,163.38,
DV_WSC,2004,2,166.72,165.57,
DV_WSC,2004,3,167.99,166.81,
DV_WSC,2004,4,168.78,168.54,
DV_WSC,2005,1,170.26,170.38,
DV_WSC,2005,2,173.71,172.48,
DV_WSC,2005,3,176.6,175.26,
DV_WSC,2005,4,179.39,179.2,
DV_WSC,2006,1,182.06,182.3,
DV_WSC,2006,2,185.84,184.49,
DV_WSC,2006,3,187.92,186.33,
DV_WSC,2006,4,189.29,189.13,
DV_WSC,2007,1,191.05,191.5,
DV_WSC,2007,2,194.31,192.8,
DV_WSC,2007,3,195.31,193.51,
DV_WSC,2007,4,193.84,193.72,
DV_WSC,2008,1,192.75,193.4,
DV_WSC,2008,2,193.71,192.1,
DV_WSC,2008,3,194.53,192.58,
DV_WSC,2008,4,188.12,188.06,
DV_WSC,2009,1,186.11,186.93,
DV_WSC,2009,2,188.79,187.08,
DV_WSC,2009,3,189.87,187.87,
DV_WSC,2009,4,188.4,188.41,
DV_WSC,2010,1,186.29,187.26,
DV_WSC,2010,2,188.56,186.69,
DV_WSC,2010,3,186.37,184.36,
DV_WSC,2010,4,183.44,183.51,
DV_WSC,2011,1,181.68,182.68,
DV_WSC,2011,2,182.02,180.07,
DV_WSC,2011,3,183.23,181.28,
DV_WSC,2011,4,181.44,181.55,
DV_WSC,2012,1,182.8,183.77,
DV_WSC,2012,2,188.39,186.33,
DV_WSC,2012,3,190.03,188.05,
DV_WSC,2012,4,189.99,190.15,
DV_WSC,2013,1,191.43,192.37,
DV_WSC,2013,2,198.07,195.91,
DV_WSC,2013,3,200.19,198.13,
DV_WSC,2013,4,200.46,200.64,
DV_WSC,2014,1,202.82,203.7,
DV_WSC,2014,2,207.94,205.74,
DV_WSC,2014,3,211.69,209.55,
DV_WSC,2014,4,212.71,212.89,
DV_WSC,2015,1,214.84,215.64,
DV_WSC,2015,2,220.25,218.01,
DV_WSC,2015,3,223.32,221.12,
DV_WSC,2015,4,223.66,223.81,
DV_WSC,2016,1,225.63,226.33,
DV_WSC,2016,2,231.87,229.63,
DV_WSC,2016,3,235.1,232.8,
DV_WSC,2016,4,236.21,236.34,
DV_WSC,2017,1,239.3,239.92,
DV_WSC,2017,2,245.79,243.5,
DV_WSC,2017,3,248.86,246.47,
DV_WSC,2017,4,250.2,250.31,
DV_WSC,2018,1,253.13,253.72,
DV_WSC,2018,2,259.13,256.74,
DV_WSC,2018,3,262.5,260.02,
DV_WSC,2018,4,262.96,263.06,
DV_WSC,2019,1,265.2,265.77,
USA,1991,1,100,100,
USA,1991,2,100.6,100.06,
USA,1991,3,101.08,100.3,
USA,1991,4,101.6,101.11,
USA,1992,1,102.11,102.13,
USA,1992,2,102.66,102.1,
USA,1992,3,103.56,102.76,
USA,1992,4,104.18,103.69,
USA,1993,1,103.62,103.67,
USA,1993,2,105.4,104.79,
USA,1993,3,106.48,105.62,
USA,1993,4,107.1,106.62,
USA,1994,1,107.65,107.73,
USA,1994,2,109.34,108.67,
USA,1994,3,110.52,109.59,
USA,1994,4,110.76,110.3,
USA,1995,1,111.02,111.13,
USA,1995,2,112.81,112.06,
USA,1995,3,114.19,113.22,
USA,1995,4,114.49,114.06,
USA,1996,1,114.83,114.94,
USA,1996,2,116.71,115.89,
USA,1996,3,117.61,116.61,
USA,1996,4,117.76,117.35,
USA,1997,1,118.14,118.25,
USA,1997,2,120.01,119.13,
USA,1997,3,121.15,120.12,
USA,1997,4,121.85,121.45,
USA,1998,1,122.79,122.89,
USA,1998,2,125.34,124.4,
USA,1998,3,127.02,125.94,
USA,1998,4,128.31,127.89,
USA,1999,1,129.66,129.77,
USA,1999,2,132.88,131.89,
USA,1999,3,134.95,133.78,
USA,1999,4,136.32,135.86,
USA,2000,1,138.26,138.4,
USA,2000,2,141.71,140.67,
USA,2000,3,144.1,142.82,
USA,2000,4,145.68,145.16,
USA,2001,1,147.41,147.61,
USA,2001,2,150.78,149.69,
USA,2001,3,153.38,151.96,
USA,2001,4,154.63,154.05,
USA,2002,1,156.12,156.37,
USA,2002,2,160.35,159.21,
USA,2002,3,163.63,162.05,
USA,2002,4,165.68,165.04,
USA,2003,1,167.62,167.94,
USA,2003,2,171.86,170.64,
USA,2003,3,175.73,173.98,
USA,2003,4,178.44,177.75,
USA,2004,1,180.49,180.89,
USA,2004,2,187.05,185.7,
USA,2004,3,192.12,190.13,
USA,2004,4,195.62,194.85,
USA,2005,1,199.74,200.28,
USA,2005,2,206.93,205.41,
USA,2005,3,212.91,210.58,
USA,2005,4,216.16,215.32,
USA,2006,1,218.41,219.17,
USA,2006,2,222.57,220.91,
USA,2006,3,223.94,221.28,
USA,2006,4,223.01,222.12,
USA,2007,1,221.51,222.59,
USA,2007,2,221.36,219.61,
USA,2007,3,218.3,215.51,
USA,2007,4,211.15,210.22,
USA,2008,1,203.6,204.96,
USA,2008,2,200.68,198.97,
USA,2008,3,196.08,193.37,
USA,2008,4,186.58,185.68,
USA,2009,1,179.19,180.73,
USA,2009,2,179.79,178.08,
USA,2009,3,180.6,177.94,
USA,2009,4,179.23,178.31,
USA,2010,1,174.52,176.27,
USA,2010,2,177.61,175.73,
USA,2010,3,173.3,170.66,
USA,2010,4,170.25,169.43,
USA,2011,1,165.11,166.9,
USA,2011,2,167.09,165.13,
USA,2011,3,168.12,165.5,
USA,2011,4,165.8,165.13,
USA,2012,1,164.76,166.54,
USA,2012,2,170.88,168.71,
USA,2012,3,173.4,170.66,
USA,2012,4,174.34,173.79,
USA,2013,1,175.39,177.17,
USA,2013,2,183.33,180.89,
USA,2013,3,187.34,184.39,
USA,2013,4,186.97,186.54,
USA,2014,1,187.26,188.99,
USA,2014,2,193.99,191.35,
USA,2014,3,197.24,194.19,
USA,2014,4,196.92,196.54,
USA,2015,1,197.84,199.44,
USA,2015,2,205.12,202.31,
USA,2015,3,207.44,204.35,
USA,2015,4,207.4,207,
USA,2016,1,208.69,210.13,
USA,2016,2,216.02,213.14,
USA,2016,3,219.58,216.44,
USA,2016,4,220.35,219.88,
USA,2017,1,222.03,223.31,
USA,2017,2,229.82,226.84,
USA,2017,3,233.98,230.73,
USA,2017,4,235.68,235.11,
USA,2018,1,238.46,239.66,
USA,2018,2,246.04,242.94,
USA,2018,3,250.19,246.78,
USA,2018,4,250.95,250.27,
USA,2019,1,252.36,253.52,