,,,,,,,,,,,,,,,,,,,,
"Monthly House Price Indexes for Census Divisions and U.S.
Purchase-Only Index (Only Index available with Monthly Frequency)

NSA=Not Seasonally Adjusted; SA=Seasonally Adjusted",,,,,,,,,,,,,,,,,,,,
,,,,,,,,,,,,,,,,,,,,
Month,"East North Central
(NSA)","East North Central
(SA)","East South Central
(NSA)","East South Central
(SA)","Middle Atlantic
(NSA)","Middle Atlantic
(SA)","Mountain

(NSA)","Mountain

(SA)","New England

(NSA)","New England

(SA)","Pacific

(NSA)","Pacific

(SA)","South Atlantic
(NSA)","South Atlantic
(SA)","West North Central
(NSA)","West North Central
(SA)","West South Central
(NSA)","West South Central
(SA)","USA

(NSA)","USA

(SA)"
,,,,,,,,,,,,,,,,,,,,
1/1/91,100.00,100.00,100.00,100.00,100.00,100.00,100.00,100.00,100.00,100.00,100.00,100.00,100.00,100.00,100.00,100.00,100.00,100.00,100.00,100.00
2/1/91,100.99,101.07,100.84,100.40,100.00,100.18,98.44,98.64,101.92,102.54,100.22,100.52,100.54,100.40,100.63,100.50,99.92,99.71,100.42,100.45
3/1/91,101.37,101.00,101.00,100.58,99.92,99.75,100.13,100.52,101.70,101.46,100.00,100.13,101.01,100.60,100.42,99.99,100.81,100.54,100.71,100.49
4/1/91,101.75,101.04,100.89,100.58,99.37,99.08,100.46,100.35,101.06,100.99,100.17,100.06,100.96,100.48,100.92,100.29,100.41,100.08,100.71,100.32
5/1/91,102.39,101.44,101.21,100.77,99.58,99.13,100.74,100.39,99.79,99.84,100.39,100.11,100.83,100.57,100.69,100.07,100.90,100.33,100.87,100.39
6/1/91,102.82,101.56,102.14,101.57,99.66,98.82,102.19,101.47,99.21,98.70,100.44,99.88,101.34,100.67,101.49,100.42,102.04,100.95,101.38,100.52
7/1/91,103.02,101.94,101.97,101.57,100.13,99.07,101.50,101.28,99.22,98.79,100.46,99.84,101.03,100.47,101.37,100.29,101.75,100.82,101.32,100.55
8/1/91,103.18,102.13,101.64,100.75,99.62,98.61,101.91,101.30,98.43,98.00,100.76,99.95,100.80,100.03,101.82,100.61,101.50,100.55,101.26,100.37
9/1/91,102.87,102.06,101.96,101.17,100.18,99.26,101.89,101.54,100.01,99.15,100.39,99.62,100.75,100.10,101.69,100.77,102.14,101.45,101.38,100.62
10/1/91,103.09,102.41,101.97,101.64,99.97,98.97,103.22,102.53,99.30,98.81,100.91,100.34,101.68,100.95,101.90,101.36,101.39,100.66,101.60,100.93
11/1/91,104.00,103.38,102.96,102.36,100.93,100.08,104.14,103.83,98.39,97.45,100.88,100.60,102.19,101.33,101.94,101.43,101.98,101.34,102.12,101.48
12/1/91,103.75,103.45,103.50,103.28,100.64,100.31,103.62,103.42,99.09,98.73,101.06,100.66,101.92,101.58,102.96,102.48,102.09,101.85,102.16,101.84
1/1/92,103.93,103.95,103.35,103.36,100.68,100.71,104.34,104.41,99.85,99.87,100.97,100.96,101.92,101.91,102.46,102.47,102.38,102.38,102.25,102.26
2/1/92,104.41,104.48,104.68,104.25,101.71,101.94,105.07,105.30,99.83,100.48,101.08,101.39,102.83,102.68,103.03,102.91,103.48,103.28,102.95,102.99
3/1/92,105.57,105.20,104.41,103.98,101.33,101.18,105.63,106.02,99.68,99.46,100.66,100.79,102.73,102.33,103.99,103.52,102.75,102.50,103.03,102.81
4/1/92,106.01,105.28,103.86,103.54,101.10,100.82,105.81,105.67,98.50,98.45,100.41,100.28,102.29,101.81,104.18,103.51,103.13,102.77,102.94,102.54
5/1/92,106.62,105.64,104.45,104.02,100.85,100.36,106.70,106.30,97.60,97.63,100.55,100.25,102.32,102.06,104.47,103.77,103.23,102.60,103.12,102.62
6/1/92,107.02,105.70,104.89,104.25,101.20,100.31,107.69,106.91,97.12,96.54,100.33,99.73,102.54,101.85,105.33,104.18,104.09,103.00,103.48,102.58
7/1/92,107.18,106.05,105.38,104.92,101.40,100.28,107.49,107.18,97.33,96.78,100.69,100.02,102.87,102.26,105.81,104.64,104.21,103.26,103.73,102.90
8/1/92,107.61,106.50,106.42,105.46,101.38,100.28,108.73,108.02,98.22,97.74,101.00,100.16,103.89,103.07,106.11,104.82,105.01,104.02,104.34,103.39
9/1/92,107.64,106.79,106.82,106.01,102.15,101.21,108.82,108.41,98.50,97.66,101.04,100.25,104.26,103.59,106.43,105.43,104.91,104.18,104.57,103.78
10/1/92,108.25,107.51,107.03,106.65,102.38,101.37,110.12,109.41,98.54,98.08,100.12,99.58,104.45,103.73,106.18,105.58,105.64,104.91,104.77,104.08
11/1/92,108.53,107.91,107.00,106.39,102.93,102.14,110.39,110.08,99.44,98.54,99.90,99.64,104.39,103.53,106.56,105.98,106.27,105.60,105.01,104.37
12/1/92,108.83,108.53,107.08,106.85,101.57,101.28,111.45,111.24,97.76,97.46,99.60,99.23,103.63,103.30,106.74,106.23,105.31,105.09,104.59,104.28
1/1/93,108.57,108.62,107.10,107.10,100.84,100.91,111.86,112.01,96.70,96.69,98.71,98.73,103.43,103.37,107.41,107.45,105.37,105.37,104.32,104.34
2/1/93,108.37,108.43,106.96,106.59,100.41,100.75,111.95,112.24,94.72,95.38,97.71,98.06,103.35,103.21,107.83,107.74,105.72,105.52,104.03,104.10
3/1/93,109.31,108.98,108.51,108.05,100.76,100.65,112.12,112.53,95.59,95.44,98.19,98.32,104.15,103.77,107.31,106.81,106.40,106.15,104.66,104.45
4/1/93,110.34,109.56,108.77,108.40,101.69,101.40,114.11,113.91,96.60,96.56,98.45,98.30,105.04,104.56,108.93,108.23,106.96,106.58,105.53,105.11
5/1/93,110.94,109.91,109.34,108.87,102.27,101.71,115.28,114.80,96.28,96.18,98.21,97.91,104.80,104.52,109.67,108.87,107.77,107.05,105.87,105.30
6/1/93,112.01,110.61,109.75,108.99,102.49,101.49,116.32,115.48,97.79,96.95,98.57,97.94,105.82,105.09,110.62,109.40,108.71,107.59,106.67,105.70
7/1/93,112.30,111.09,110.01,109.45,102.27,101.05,117.26,116.78,97.40,96.65,97.59,96.86,105.68,105.00,111.05,109.79,109.22,108.24,106.66,105.74
8/1/93,112.69,111.52,111.00,109.99,102.51,101.27,118.53,117.67,97.10,96.45,98.02,97.18,106.09,105.21,111.98,110.60,109.47,108.38,107.12,106.09
9/1/93,113.22,112.30,111.93,111.09,102.30,101.37,119.81,119.28,96.91,96.07,97.63,96.89,106.36,105.63,112.39,111.27,109.56,108.80,107.34,106.51
10/1/93,113.34,112.54,111.52,111.05,102.50,101.55,120.72,119.97,95.93,95.46,97.74,97.27,106.37,105.67,112.65,111.98,110.42,109.65,107.49,106.80
11/1/93,113.59,112.96,112.33,111.75,102.44,101.75,121.20,120.90,97.29,96.46,96.92,96.72,106.66,105.85,113.03,112.39,110.63,109.94,107.67,107.06
12/1/93,113.86,113.56,112.44,112.19,101.93,101.67,121.82,121.62,97.18,96.94,97.09,96.79,107.04,106.73,113.71,113.21,110.96,110.74,107.87,107.57
1/1/94,114.15,114.28,112.97,112.99,102.17,102.31,122.18,122.42,96.09,96.07,96.63,96.72,106.73,106.62,113.73,113.90,110.64,110.65,107.78,107.84
2/1/94,114.48,114.52,114.25,113.94,101.12,101.58,123.59,123.98,96.25,97.04,96.15,96.57,107.08,106.93,113.77,113.73,111.30,111.14,107.95,108.06
3/1/94,115.27,114.95,114.13,113.67,101.66,101.59,124.55,124.95,97.93,97.96,96.41,96.52,107.61,107.20,115.31,114.76,112.43,112.19,108.67,108.47
4/1/94,116.50,115.68,115.39,114.94,101.82,101.51,126.21,125.90,96.84,96.81,96.96,96.76,108.31,107.79,115.76,115.03,112.34,111.91,109.25,108.79
5/1/94,117.31,116.21,115.69,115.15,102.63,101.94,127.95,127.35,97.36,97.18,96.80,96.42,108.30,107.97,116.44,115.50,113.54,112.68,109.80,109.15
6/1/94,118.03,116.54,116.38,115.49,102.81,101.68,129.10,128.18,98.93,97.85,97.17,96.48,109.09,108.28,117.20,115.90,113.82,112.67,110.43,109.37
7/1/94,117.99,116.68,116.52,115.86,103.27,101.91,129.26,128.53,98.28,97.32,97.14,96.28,109.30,108.54,117.71,116.32,113.69,112.65,110.52,109.48
8/1/94,118.42,117.18,117.48,116.42,103.12,101.71,130.43,129.41,97.58,96.80,97.04,96.15,109.89,108.92,118.20,116.73,114.21,113.03,110.85,109.72
9/1/94,118.62,117.62,117.08,116.26,102.24,101.34,130.42,129.74,97.79,97.00,97.21,96.51,109.88,109.10,117.84,116.62,113.90,113.11,110.72,109.85
10/1/94,119.04,118.16,117.64,117.14,102.43,101.55,131.44,130.68,97.21,96.76,96.46,96.05,109.88,109.23,117.77,117.00,114.23,113.48,110.78,110.09
11/1/94,119.32,118.70,118.40,117.85,101.65,101.10,131.26,131.00,97.38,96.75,96.02,95.85,110.55,109.81,118.62,117.94,114.29,113.59,110.91,110.35
12/1/94,119.01,118.72,117.92,117.67,100.45,100.23,132.03,131.91,97.19,97.09,96.11,95.90,110.26,109.95,117.94,117.47,114.16,113.92,110.59,110.33
1/1/95,119.37,119.60,117.78,117.79,100.51,100.69,131.66,132.03,96.56,96.57,96.05,96.22,110.52,110.35,117.97,118.25,114.25,114.28,110.65,110.74
2/1/95,120.22,120.24,119.24,119.02,100.42,100.99,132.98,133.47,96.29,97.11,96.11,96.58,110.91,110.74,118.87,118.88,114.43,114.27,111.10,111.25
3/1/95,120.66,120.34,119.88,119.41,101.12,101.07,133.00,133.31,97.15,97.36,95.66,95.72,110.96,110.52,119.69,119.11,114.52,114.26,111.36,111.15
4/1/95,121.89,121.06,119.59,119.03,101.70,101.40,134.32,133.88,97.24,97.22,95.24,94.97,111.01,110.47,120.42,119.67,115.67,115.18,111.83,111.32
5/1/95,122.18,120.98,120.04,119.45,101.78,101.00,134.67,133.95,98.04,97.75,96.01,95.52,110.99,110.60,121.17,120.07,116.17,115.18,112.22,111.47
6/1/95,123.38,121.81,121.98,120.94,102.60,101.35,136.38,135.42,98.76,97.44,96.12,95.35,111.79,110.88,122.13,120.74,116.28,115.10,113.03,111.87
7/1/95,123.84,122.41,122.22,121.45,102.62,101.14,136.96,135.99,99.38,98.26,96.45,95.49,112.72,111.90,122.74,121.22,117.08,115.97,113.55,112.40
8/1/95,124.43,123.12,122.30,121.22,103.45,101.89,137.73,136.59,99.11,98.17,96.51,95.59,112.89,111.88,123.28,121.74,117.37,116.10,113.90,112.69
9/1/95,124.62,123.54,122.52,121.71,102.18,101.31,138.08,137.29,98.52,97.74,96.02,95.38,113.07,112.27,123.83,122.51,117.64,116.83,113.79,112.91
10/1/95,124.94,124.00,123.34,122.80,101.71,100.93,137.80,137.07,98.36,97.87,95.69,95.35,112.79,112.19,123.87,123.03,117.33,116.59,113.67,113.00
11/1/95,124.86,124.24,123.57,123.04,101.43,101.01,137.83,137.65,98.27,97.79,95.55,95.41,113.25,112.61,123.66,122.90,117.74,117.03,113.73,113.21
12/1/95,125.29,125.03,123.68,123.44,101.55,101.36,138.58,138.59,98.08,98.07,95.33,95.25,113.03,112.75,124.17,123.77,118.19,117.94,113.86,113.65
1/1/96,125.06,125.40,123.97,123.96,101.22,101.42,138.45,138.94,100.13,100.26,95.49,95.76,113.77,113.58,123.66,124.04,117.69,117.72,113.98,114.12
2/1/96,126.19,126.18,123.71,123.52,101.24,101.87,138.80,139.37,98.82,99.70,95.18,95.67,113.49,113.29,124.51,124.54,118.38,118.23,114.14,114.30
3/1/96,126.98,126.62,124.71,124.24,102.21,102.19,140.05,140.22,98.75,99.13,95.65,95.65,114.62,114.14,125.64,125.03,118.70,118.45,114.92,114.69
4/1/96,128.48,127.65,125.59,124.95,102.14,101.87,141.49,140.94,99.50,99.43,95.87,95.52,114.88,114.29,126.67,125.89,119.06,118.50,115.53,114.99
5/1/96,129.21,127.90,126.43,125.76,103.02,102.19,141.75,140.93,100.53,100.14,96.17,95.53,115.12,114.64,127.27,125.99,119.86,118.78,116.12,115.27
6/1/96,129.68,128.04,126.86,125.70,103.39,102.00,142.45,141.46,101.81,100.30,96.55,95.69,115.53,114.51,127.74,126.23,120.61,119.39,116.65,115.39
7/1/96,130.32,128.75,127.83,126.99,103.66,102.08,143.28,142.16,101.47,100.19,96.87,95.85,116.08,115.21,128.56,126.90,120.42,119.22,117.06,115.81
8/1/96,130.07,128.66,127.81,126.76,103.76,102.12,142.83,141.66,101.57,100.46,96.61,95.68,116.28,115.22,128.65,127.00,120.77,119.44,117.06,115.79
9/1/96,130.29,129.14,127.95,127.18,102.89,102.01,143.42,142.53,101.68,100.80,96.32,95.76,116.41,115.62,128.97,127.58,120.62,119.77,117.01,116.11
10/1/96,130.11,129.09,128.49,127.99,102.55,101.83,143.42,142.75,101.19,100.61,96.39,96.11,116.24,115.69,128.66,127.75,120.33,119.62,116.86,116.20
11/1/96,130.97,130.37,128.18,127.64,102.76,102.44,143.17,143.03,100.77,100.40,96.40,96.27,116.03,115.49,128.85,128.05,120.62,119.93,116.99,116.51
12/1/96,130.78,130.57,128.55,128.31,102.14,101.95,142.79,142.94,101.06,101.10,96.32,96.36,116.28,116.05,129.22,128.92,120.83,120.58,116.98,116.82
1/1/97,130.21,130.63,128.57,128.49,102.19,102.34,143.38,143.94,101.43,101.65,95.81,96.16,116.75,116.55,128.54,128.97,120.37,120.42,116.84,117.02
2/1/97,130.84,130.82,129.92,129.72,101.85,102.50,143.75,144.34,100.13,100.98,95.80,96.27,117.10,116.90,129.10,129.14,120.97,120.82,117.11,117.27
3/1/97,132.10,131.68,129.94,129.49,102.53,102.51,145.06,145.03,101.02,101.50,96.80,96.72,118.16,117.69,130.66,130.02,121.51,121.25,118.06,117.80
4/1/97,132.37,131.55,130.81,130.13,103.19,102.96,145.97,145.32,102.90,102.80,97.82,97.42,117.89,117.31,130.64,129.84,122.01,121.38,118.58,118.02
5/1/97,133.82,132.40,130.44,129.70,104.51,103.70,146.57,145.66,103.00,102.52,98.59,97.80,118.12,117.55,132.29,130.88,123.10,121.98,119.42,118.48
6/1/97,134.30,132.63,131.45,130.21,104.37,102.86,146.87,145.81,104.39,102.77,98.80,97.84,119.11,118.02,131.98,130.35,123.27,122.03,119.86,118.52
7/1/97,134.57,132.88,131.74,130.83,104.75,103.10,147.36,146.18,104.30,102.95,99.77,98.74,118.63,117.73,133.15,131.36,123.46,122.19,120.17,118.86
8/1/97,134.88,133.39,132.04,131.04,105.16,103.49,147.72,146.55,104.89,103.66,99.97,99.04,119.54,118.52,133.17,131.42,123.53,122.16,120.56,119.26
9/1/97,134.78,133.57,131.60,130.84,104.13,103.18,147.60,146.67,104.42,103.41,99.85,99.34,119.33,118.53,133.64,132.20,123.54,122.68,120.33,119.40
10/1/97,135.13,134.07,131.41,130.89,105.38,104.65,147.98,147.34,105.48,104.74,99.88,99.64,119.67,119.09,133.75,132.79,123.94,123.25,120.74,120.05
11/1/97,135.00,134.41,132.19,131.64,103.87,103.54,147.51,147.37,105.41,105.06,101.00,100.87,120.17,119.69,133.63,132.78,124.59,123.93,120.89,120.42
12/1/97,134.89,134.73,132.48,132.21,104.50,104.28,147.91,148.19,105.69,105.73,100.73,100.83,120.42,120.20,133.29,133.08,124.37,124.13,120.96,120.82
1/1/98,134.82,135.27,132.97,132.80,104.04,104.09,147.40,147.98,104.40,104.73,101.12,101.53,120.37,120.14,134.73,135.16,125.13,125.22,121.07,121.24
2/1/98,136.07,136.07,133.03,132.80,104.22,104.88,148.82,149.38,106.77,107.72,102.31,102.77,121.25,121.04,135.15,135.21,125.68,125.54,121.96,122.13
3/1/98,136.83,136.36,134.16,133.73,105.81,105.88,149.72,149.51,106.90,107.50,103.46,103.29,121.78,121.29,135.94,135.31,126.26,125.98,122.84,122.55
4/1/98,137.59,136.78,134.93,134.21,106.31,106.13,151.52,150.86,108.41,108.29,105.03,104.54,122.46,121.81,136.28,135.44,126.90,126.14,123.74,123.13
5/1/98,138.68,137.17,135.81,134.98,107.00,106.27,151.94,150.95,109.50,108.96,106.16,105.18,122.89,122.19,137.76,136.22,127.97,126.81,124.65,123.62
6/1/98,139.65,137.92,136.79,135.50,108.80,107.12,152.50,151.34,111.53,109.78,107.19,106.09,124.02,122.82,139.42,137.63,128.85,127.57,125.85,124.41
7/1/98,140.00,138.19,136.52,135.54,108.73,107.03,153.08,151.92,111.84,110.32,107.52,106.46,124.03,123.05,139.61,137.69,129.78,128.38,126.11,124.70
8/1/98,140.34,138.76,136.56,135.60,109.43,107.71,153.94,152.80,112.62,111.20,108.22,107.25,124.42,123.37,140.19,138.32,130.22,128.81,126.63,125.27
9/1/98,140.87,139.57,137.81,137.00,109.49,108.41,154.13,153.20,113.38,112.17,108.37,107.83,125.19,124.33,140.85,139.33,130.32,129.40,127.08,126.07
10/1/98,141.44,140.32,137.58,137.02,109.29,108.50,154.79,154.16,113.00,112.07,109.10,108.83,125.21,124.56,141.21,140.17,130.63,129.88,127.33,126.58
11/1/98,141.73,141.16,138.67,138.09,109.50,109.07,154.52,154.33,114.64,114.27,109.64,109.51,125.70,125.27,142.88,141.99,130.95,130.31,127.90,127.42
12/1/98,141.63,141.55,138.61,138.33,110.13,109.91,154.90,155.26,114.66,114.68,109.45,109.57,125.88,125.65,142.81,142.70,131.92,131.68,128.09,127.97
1/1/99,141.67,142.13,139.10,138.78,110.63,110.55,155.00,155.59,114.64,115.14,110.76,111.22,126.70,126.44,143.13,143.50,131.75,131.93,128.57,128.73
2/1/99,142.86,142.88,139.74,139.55,110.17,110.88,155.97,156.47,115.37,116.41,111.23,111.65,127.23,127.01,143.19,143.33,132.35,132.23,129.08,129.26
3/1/99,143.79,143.29,140.63,140.21,110.63,110.78,158.33,157.99,116.30,116.94,112.83,112.58,127.96,127.50,144.85,144.20,132.97,132.61,130.12,129.81
4/1/99,144.64,143.80,140.84,140.14,111.78,111.66,158.61,157.91,118.05,117.93,113.83,113.33,128.83,128.11,146.00,145.08,134.46,133.55,131.12,130.47
5/1/99,146.32,144.72,141.64,140.78,113.14,112.47,159.82,158.75,119.79,119.16,115.11,114.02,129.81,128.98,147.34,145.64,135.22,134.00,132.36,131.25
6/1/99,146.99,145.15,142.26,140.92,115.41,113.58,160.68,159.38,121.87,119.91,116.03,114.78,130.46,129.17,148.62,146.59,135.97,134.62,133.42,131.85
7/1/99,147.85,145.89,142.50,141.48,116.20,114.39,161.50,160.35,122.93,121.10,116.39,115.31,130.98,129.88,149.10,146.98,137.02,135.49,134.09,132.57
8/1/99,148.57,146.86,142.96,141.99,116.70,114.91,162.34,161.16,123.90,122.27,117.27,116.27,131.71,130.66,150.48,148.44,137.54,136.06,134.84,133.41
9/1/99,148.45,147.04,143.34,142.49,116.37,115.09,163.43,162.51,124.88,123.41,117.67,117.04,131.76,130.81,149.66,148.03,137.21,136.23,134.89,133.77
10/1/99,149.00,147.82,142.95,142.27,117.34,116.44,163.02,162.36,125.06,123.90,118.48,118.16,132.75,131.98,149.78,148.65,138.04,137.19,135.49,134.64
11/1/99,148.66,148.08,143.89,143.31,117.25,116.69,163.66,163.39,125.04,124.61,118.86,118.77,132.76,132.34,150.42,149.47,138.39,137.76,135.67,135.17
12/1/99,148.86,148.86,144.11,143.85,117.23,117.00,163.62,163.98,126.39,126.41,119.41,119.55,132.94,132.69,150.29,150.20,138.63,138.40,135.92,135.82
1/1/00,150.04,150.49,144.77,144.34,119.05,118.88,164.47,165.07,127.30,128.01,122.02,122.52,134.05,133.80,151.04,151.35,139.37,139.63,137.26,137.41
2/1/00,149.64,149.71,144.84,144.68,117.74,118.44,165.05,165.48,126.67,127.91,121.06,121.47,134.43,134.19,152.22,152.50,139.56,139.48,137.06,137.24
3/1/00,151.57,151.06,144.97,144.57,119.39,119.64,166.77,166.35,129.16,129.85,123.36,123.08,135.20,134.76,153.59,152.91,141.14,140.72,138.61,138.30
4/1/00,152.65,151.76,146.34,145.72,120.64,120.61,167.60,166.88,131.33,131.20,124.37,123.86,136.68,135.89,155.25,154.26,142.51,141.41,139.92,139.23
5/1/00,153.87,152.17,146.60,145.73,121.66,121.03,168.61,167.47,133.63,132.93,126.20,125.01,137.47,136.52,156.55,154.73,143.15,141.88,141.05,139.87
6/1/00,155.22,153.24,147.45,146.05,123.90,121.94,170.35,168.92,136.80,134.68,127.37,125.99,138.79,137.42,157.48,155.23,144.03,142.59,142.49,140.80
7/1/00,156.06,153.95,147.83,146.73,124.58,122.70,170.54,169.37,137.68,135.49,128.20,127.05,139.42,138.13,158.44,156.12,144.82,143.22,143.21,141.56
8/1/00,156.20,154.33,147.34,146.27,125.16,123.28,171.06,169.80,138.19,136.36,129.38,128.28,139.61,138.48,158.99,156.80,145.21,143.66,143.64,142.10
9/1/00,156.36,154.82,147.40,146.51,126.28,124.75,171.18,170.23,139.84,138.08,130.32,129.53,140.54,139.46,159.41,157.63,145.40,144.33,144.28,143.01
10/1/00,156.46,155.18,147.66,146.81,126.32,125.31,172.09,171.39,141.16,139.79,131.43,131.03,140.93,140.03,159.82,158.58,145.81,144.87,144.76,143.79
11/1/00,156.36,155.76,148.09,147.51,127.19,126.48,172.99,172.68,140.75,140.25,132.68,132.62,141.12,140.67,159.65,158.66,146.36,145.75,145.19,144.65
12/1/00,156.65,156.70,147.17,146.92,127.60,127.38,172.94,173.27,142.16,142.23,133.59,133.76,142.31,142.04,159.54,159.44,145.91,145.66,145.60,145.50
1/1/01,156.82,157.28,148.34,147.80,128.19,127.96,174.48,175.11,142.86,143.74,134.46,135.04,143.12,142.90,160.74,161.03,146.03,146.40,146.30,146.47
2/1/01,157.83,157.98,148.73,148.66,128.62,129.29,175.69,176.18,144.14,145.61,136.16,136.58,143.50,143.25,161.01,161.42,147.72,147.71,147.23,147.45
3/1/01,158.97,158.50,149.07,148.71,129.80,130.12,176.92,176.53,146.13,146.78,138.01,137.76,145.23,144.85,162.90,162.21,148.15,147.64,148.56,148.26
4/1/01,160.20,159.25,149.64,149.10,130.74,130.78,177.61,176.85,148.19,147.97,139.15,138.70,146.36,145.56,165.00,163.99,149.80,148.57,149.80,149.09
5/1/01,161.59,159.79,150.77,149.92,132.44,131.80,179.39,178.27,150.93,150.09,140.79,139.54,147.13,146.05,166.24,164.33,149.82,148.48,151.05,149.79
6/1/01,162.43,160.32,151.26,149.74,135.17,133.11,180.43,178.88,153.41,151.02,141.71,140.17,148.25,146.82,167.44,165.00,150.68,149.13,152.30,150.48
7/1/01,163.06,160.81,151.19,149.98,136.06,134.04,180.27,178.99,155.25,152.61,142.50,141.15,149.57,148.11,168.55,166.03,151.61,149.99,153.16,151.35
8/1/01,163.36,161.33,151.68,150.43,137.54,135.54,181.11,179.76,156.83,154.76,143.41,142.13,150.12,148.88,168.61,166.30,151.22,149.59,153.75,152.07
9/1/01,163.70,162.04,151.93,150.99,138.22,136.44,180.60,179.57,157.44,155.31,144.53,143.55,150.51,149.27,169.24,167.32,151.85,150.71,154.27,152.85
10/1/01,164.44,163.08,153.06,152.02,138.44,137.31,181.31,180.57,158.10,156.49,144.76,144.25,151.57,150.54,169.78,168.43,152.10,151.09,154.88,153.80
11/1/01,163.82,163.19,152.34,151.79,139.65,138.78,182.16,181.83,158.00,157.46,145.03,144.96,151.45,150.95,169.29,168.26,151.63,151.05,154.85,154.27
12/1/01,163.73,163.80,152.32,152.07,139.43,139.19,182.12,182.41,159.49,159.71,146.50,146.66,152.50,152.22,169.85,169.77,151.99,151.70,155.38,155.26
1/1/02,164.09,164.64,153.37,152.84,140.78,140.55,182.46,183.12,160.17,161.23,147.40,148.15,153.30,153.15,169.91,170.28,151.20,151.65,155.93,156.17
2/1/02,164.79,165.06,152.24,152.21,141.13,141.70,183.71,184.32,161.58,163.28,148.94,149.41,154.76,154.55,170.08,170.57,152.42,152.51,156.81,157.08
3/1/02,166.22,165.82,154.18,153.86,142.88,143.25,185.00,184.67,162.86,163.42,151.25,151.11,155.39,155.00,172.42,171.71,154.05,153.44,158.37,158.08
4/1/02,167.14,166.13,153.96,153.42,144.55,144.63,186.28,185.47,166.77,166.39,152.98,152.58,156.89,156.08,173.53,172.48,154.77,153.49,159.69,158.94
5/1/02,168.62,166.69,154.74,153.89,147.06,146.35,187.15,186.01,168.93,167.85,156.12,154.80,158.36,157.15,175.20,173.16,155.52,154.09,161.40,160.03
6/1/02,169.81,167.53,155.78,154.14,149.38,147.22,188.04,186.35,172.93,170.31,158.47,156.78,159.61,158.05,176.81,174.22,156.12,154.44,162.97,161.01
7/1/02,170.34,167.93,155.81,154.46,151.06,148.84,188.82,187.34,176.15,173.12,160.58,158.92,160.67,159.06,177.42,174.65,156.32,154.69,164.03,162.04
8/1/02,170.71,168.50,157.28,155.81,152.64,150.44,190.53,189.00,176.34,174.03,162.19,160.66,161.25,159.80,178.11,175.69,156.65,154.95,164.94,163.07
9/1/02,171.10,169.31,156.48,155.50,153.67,151.65,190.25,189.08,178.14,175.59,163.29,162.00,163.03,161.61,178.57,176.48,156.91,155.70,165.70,164.09
10/1/02,171.15,169.68,157.80,156.66,154.49,153.19,191.70,190.84,179.29,177.44,164.95,164.35,163.59,162.46,178.69,177.23,157.27,156.22,166.43,165.23
11/1/02,171.66,171.00,157.64,157.11,155.06,154.04,191.66,191.36,179.93,179.41,165.62,165.49,164.08,163.48,179.07,178.00,157.18,156.64,166.81,166.17
12/1/02,171.12,171.21,157.71,157.48,156.67,156.43,192.63,192.94,180.06,180.47,167.00,167.19,165.16,164.90,179.69,179.63,157.73,157.40,167.50,167.39
1/1/03,171.74,172.43,158.29,157.83,157.55,157.30,192.74,193.53,181.04,182.35,168.44,169.53,165.46,165.42,180.08,180.56,157.47,158.00,168.05,168.42
2/1/03,172.25,172.67,159.35,159.45,158.69,159.25,193.48,194.26,181.20,183.11,170.75,171.25,167.12,166.97,180.48,180.96,158.10,158.27,169.15,169.49
3/1/03,173.32,173.02,159.30,159.04,159.38,159.77,195.40,195.18,183.69,184.04,172.50,172.52,168.08,167.63,182.58,181.85,158.90,158.19,170.33,170.04
4/1/03,174.77,173.67,160.35,159.78,161.21,161.26,197.16,196.24,187.07,186.45,175.11,174.73,169.52,168.67,183.10,182.03,159.74,158.48,171.91,171.10
5/1/03,176.56,174.43,161.06,160.17,163.64,162.80,198.09,196.85,188.29,186.97,177.66,176.14,171.24,169.86,184.76,182.61,160.63,159.07,173.58,172.04
6/1/03,177.29,174.81,162.56,160.79,165.80,163.49,199.63,197.75,191.46,188.57,179.26,177.28,172.90,171.15,186.33,183.54,160.93,159.10,175.00,172.84
7/1/03,178.20,175.61,162.83,161.34,167.38,164.96,201.23,199.51,192.63,189.34,181.91,179.84,174.47,172.73,187.57,184.51,161.39,159.72,176.32,174.13
8/1/03,178.83,176.42,163.72,162.11,169.53,167.07,202.05,200.26,194.20,191.75,184.60,182.71,174.96,173.26,188.19,185.60,162.24,160.45,177.48,175.39
9/1/03,178.90,176.98,164.18,163.18,171.13,168.97,203.75,202.44,197.52,194.73,186.84,185.15,176.22,174.62,188.95,186.68,162.58,161.31,178.60,176.83
10/1/03,179.42,177.86,164.25,163.16,171.14,169.69,204.32,203.32,198.01,196.14,189.33,188.69,177.16,175.95,188.71,187.12,162.04,160.95,179.17,177.89
11/1/03,179.24,178.60,163.47,162.92,172.30,171.20,204.73,204.47,199.06,198.56,191.70,191.51,178.37,177.63,189.82,188.71,162.10,161.55,179.92,179.24
12/1/03,179.47,179.62,164.33,164.09,173.80,173.55,206.37,206.75,200.18,200.85,194.20,194.51,179.11,178.86,188.78,188.76,162.87,162.53,180.84,180.78
1/1/04,178.39,179.27,165.15,164.91,174.54,174.29,208.29,209.34,200.11,201.62,196.22,197.79,180.75,180.91,189.73,190.42,161.98,162.48,181.44,181.99
2/1/04,180.21,180.82,166.08,166.24,176.52,177.04,208.99,209.98,200.90,202.94,198.83,199.34,181.95,181.87,190.59,191.01,163.09,163.36,182.92,183.32
3/1/04,181.33,181.16,165.98,165.77,176.79,177.16,211.78,211.64,203.78,203.79,203.25,203.48,184.37,183.80,192.46,191.72,165.28,164.53,184.90,184.61
4/1/04,182.91,181.72,167.27,166.52,179.95,179.98,216.31,215.21,207.44,206.44,206.68,206.18,186.59,185.58,193.04,191.89,166.11,164.90,187.09,186.16
5/1/04,184.85,182.44,168.35,167.29,182.87,181.84,217.83,216.34,210.19,208.37,213.11,211.25,189.54,187.91,196.01,193.71,166.86,165.14,189.76,187.97
6/1/04,185.98,183.21,170.78,168.87,186.30,183.77,222.26,219.98,214.25,211.04,218.49,216.04,191.69,189.65,197.30,194.25,168.02,166.02,192.32,189.87
7/1/04,186.77,183.96,171.39,169.71,187.89,185.24,224.39,222.25,216.61,213.11,222.71,219.98,193.97,192.11,198.23,194.85,167.81,166.03,193.92,191.46
8/1/04,187.21,184.54,171.90,170.16,189.13,186.34,225.88,223.69,217.34,214.61,225.21,222.83,196.23,194.20,198.72,195.93,168.69,166.75,195.19,192.80
9/1/04,186.82,184.77,171.76,170.63,189.90,187.65,229.23,227.69,219.87,216.91,228.41,226.15,198.00,196.16,199.02,196.53,168.99,167.65,196.29,194.30
10/1/04,187.35,185.71,171.98,170.98,192.31,190.66,229.47,228.33,220.02,218.18,229.79,229.10,199.47,198.18,199.22,197.48,168.92,167.75,197.15,195.76
11/1/04,187.13,186.55,172.05,171.40,193.54,192.37,231.66,231.48,218.88,218.40,233.78,233.55,200.79,199.93,200.08,199.00,169.81,169.27,198.25,197.53
12/1/04,186.67,186.95,173.98,173.76,194.59,194.36,233.10,233.75,220.10,220.92,237.22,237.80,202.62,202.44,198.94,199.04,169.71,169.40,199.22,199.25
1/1/05,186.68,187.82,173.72,173.75,196.01,195.75,235.05,236.56,220.84,222.52,237.81,239.98,204.60,205.07,198.75,199.72,169.84,170.37,199.95,200.74
2/1/05,186.39,187.18,175.06,175.30,195.56,196.05,240.10,241.25,223.17,225.30,243.22,243.69,206.86,206.88,200.35,200.67,170.79,171.17,201.68,202.14
3/1/05,188.80,188.74,176.63,176.53,197.92,198.20,243.90,243.79,226.01,225.53,248.04,248.61,210.86,210.10,202.17,201.46,172.60,171.88,204.57,204.27
4/1/05,190.75,189.47,177.89,176.93,200.24,200.18,249.49,248.24,228.49,227.13,252.90,252.26,213.31,211.95,204.51,203.19,173.71,172.56,207.10,205.99
5/1/05,192.22,189.52,178.93,177.62,201.97,200.59,254.19,252.20,231.84,229.60,259.05,256.78,216.88,214.87,206.00,203.50,175.43,173.56,209.80,207.66
6/1/05,193.12,190.00,180.54,178.43,206.02,203.20,258.02,255.09,232.53,228.98,263.00,259.88,220.95,218.42,207.63,204.26,176.88,174.63,212.35,209.48
7/1/05,193.59,190.53,181.82,179.92,209.80,206.92,261.07,258.41,234.26,230.72,267.49,263.94,222.90,220.78,208.56,204.88,177.82,175.84,214.29,211.50
8/1/05,193.68,190.71,182.72,180.91,210.92,207.76,265.40,262.70,234.11,231.24,271.39,268.45,226.04,223.60,208.59,205.54,178.24,176.06,215.83,213.08
9/1/05,194.30,192.16,183.13,181.85,212.18,209.91,268.62,266.86,236.18,233.36,275.55,272.70,227.66,225.54,209.00,206.34,178.91,177.49,217.29,215.11
10/1/05,194.15,192.48,184.10,183.20,212.16,210.34,271.01,269.73,234.64,232.97,274.48,273.69,228.73,227.25,209.32,207.33,180.58,179.32,217.75,216.25
11/1/05,193.15,192.67,185.95,185.12,213.36,212.19,272.37,272.43,234.34,233.97,274.99,274.83,230.98,230.06,209.08,208.10,180.72,180.14,218.38,217.66
12/1/05,192.27,192.80,186.65,186.46,212.95,212.70,273.89,274.97,230.87,231.77,277.52,278.48,232.12,232.03,209.04,209.24,181.57,181.36,218.76,218.94
1/1/06,191.97,193.37,188.10,188.46,214.65,214.47,275.30,277.39,231.71,233.46,276.50,279.26,233.64,234.47,209.00,210.27,182.12,182.71,219.37,220.43
2/1/06,192.30,193.26,188.32,188.65,213.52,213.97,278.50,279.59,231.86,233.94,280.95,281.34,233.96,234.06,210.07,210.39,183.48,183.99,220.35,220.87
3/1/06,193.09,193.11,190.01,190.06,215.57,215.69,281.63,281.66,234.32,233.43,280.65,281.52,236.89,235.95,211.41,210.87,184.93,184.28,221.98,221.69
4/1/06,195.33,194.07,191.80,190.64,216.36,216.18,283.01,281.55,234.28,232.67,282.30,281.55,238.51,236.73,212.51,210.94,185.54,184.38,223.39,222.10
5/1/06,196.78,193.75,193.62,191.98,218.29,216.51,286.66,283.97,235.37,232.89,284.28,281.89,239.49,237.12,214.13,211.37,188.38,186.35,225.24,222.76
6/1/06,196.62,193.15,194.56,192.08,219.76,216.81,288.22,284.58,235.75,232.15,284.49,281.03,240.23,237.23,215.26,211.51,189.20,186.60,225.92,222.66
7/1/06,196.72,193.47,194.89,192.76,218.15,215.17,287.90,284.70,234.53,231.23,283.23,279.25,240.03,237.62,216.11,212.21,189.76,187.42,225.69,222.62
8/1/06,196.25,193.08,195.44,193.54,220.22,216.82,288.98,285.85,233.31,230.55,282.47,279.37,241.39,238.78,215.90,212.61,191.07,188.53,226.21,223.24
9/1/06,195.27,193.04,195.64,194.14,218.49,216.36,288.10,286.33,231.59,229.20,280.95,277.97,241.23,238.91,214.98,212.22,191.08,189.58,225.44,223.18
10/1/06,194.32,192.69,195.65,194.67,218.82,216.89,290.44,289.09,230.25,228.79,276.94,276.01,241.81,240.27,214.30,211.99,191.80,190.36,225.07,223.46
11/1/06,192.36,191.91,196.65,195.61,218.26,217.16,290.44,290.73,229.44,229.13,276.94,276.89,242.16,241.25,214.33,213.47,192.22,191.58,224.78,224.09
12/1/06,192.12,192.87,197.31,197.22,216.58,216.31,289.74,291.24,227.73,228.44,275.29,276.49,241.55,241.60,211.52,211.78,192.12,192.08,223.94,224.26
1/1/07,192.35,193.97,196.29,196.96,217.31,217.24,288.94,291.29,227.38,229.04,274.77,277.71,239.70,240.80,211.99,213.58,193.02,193.75,223.69,224.97
2/1/07,191.70,192.86,198.01,198.56,216.60,216.99,289.46,290.20,225.95,227.81,274.26,274.51,242.73,243.01,214.77,215.23,193.88,194.56,224.44,225.03
3/1/07,192.75,192.93,199.24,199.58,218.78,218.74,292.93,293.29,230.28,229.17,278.71,279.73,243.08,242.16,215.43,215.21,195.55,195.06,226.24,226.06
4/1/07,193.57,192.42,201.49,200.30,221.32,221.18,294.07,292.62,230.68,229.12,278.01,277.34,244.73,242.65,216.46,214.66,196.48,195.22,227.38,226.04
5/1/07,194.77,191.48,201.73,199.77,221.02,218.88,294.07,290.76,231.97,229.44,275.86,273.64,244.13,241.54,217.54,214.52,198.03,195.88,227.62,224.93
6/1/07,194.91,191.22,202.92,200.11,222.01,219.04,295.26,291.31,230.56,226.91,273.90,270.37,243.48,240.17,217.90,213.78,198.80,195.85,227.64,224.15
7/1/07,192.98,189.63,202.23,199.93,221.45,218.41,294.11,290.68,229.68,226.53,271.55,267.56,240.51,237.89,218.17,214.18,199.25,196.55,226.31,223.08
8/1/07,192.39,189.07,201.44,199.39,220.77,217.32,291.99,288.61,229.65,226.92,264.80,261.79,240.33,237.76,216.47,212.90,200.13,197.31,225.10,222.02
9/1/07,190.13,187.88,201.91,200.22,219.01,217.19,288.21,286.60,226.61,224.59,261.23,258.41,239.03,236.72,217.05,214.32,198.96,197.46,223.37,221.16
10/1/07,188.23,186.64,200.40,199.32,219.17,217.13,283.71,282.27,225.96,224.50,255.22,254.14,236.57,235.07,212.46,209.95,198.78,197.26,221.04,219.39
11/1/07,186.37,185.78,200.32,199.08,217.50,216.51,280.99,281.47,223.48,222.99,248.86,248.83,233.00,232.12,212.26,211.51,197.73,197.09,218.64,217.95
12/1/07,183.66,184.56,199.59,199.66,217.00,216.75,275.28,276.90,222.68,223.14,242.74,243.94,230.89,231.01,211.01,211.27,197.83,198.05,216.40,216.83
1/1/08,181.44,183.14,195.88,196.81,215.35,215.52,272.15,274.26,219.90,221.34,237.29,239.93,227.63,228.97,207.98,209.82,196.08,196.98,213.45,214.84
2/1/08,181.68,183.03,198.01,198.86,215.03,215.42,274.23,274.82,221.24,223.06,232.92,233.22,225.05,225.56,208.07,208.77,196.50,197.34,212.85,213.57
3/1/08,181.80,182.27,197.37,198.17,214.55,214.53,270.93,271.74,220.04,219.15,225.27,226.08,225.26,224.63,209.05,209.28,196.51,196.15,211.68,211.74
4/1/08,181.36,180.44,198.72,197.76,213.06,212.91,267.99,266.73,219.02,217.64,221.79,221.22,222.87,220.88,209.94,208.09,197.57,196.15,210.64,209.40
5/1/08,182.03,178.71,199.48,197.38,215.09,212.82,267.69,264.32,217.91,215.43,217.83,216.07,218.70,216.14,209.26,206.23,198.14,195.93,209.70,207.05
6/1/08,182.00,178.29,199.19,196.25,213.68,210.75,264.35,260.63,218.28,214.68,215.77,212.85,217.83,214.52,210.16,205.81,200.20,196.95,209.25,205.79
7/1/08,180.42,177.06,197.54,195.04,213.28,210.15,259.83,256.40,216.26,213.28,211.73,208.38,214.66,212.01,209.04,205.05,199.48,196.52,207.10,203.91
8/1/08,179.46,176.14,196.16,193.96,212.27,208.89,255.91,252.78,214.38,211.74,206.71,204.32,211.29,208.92,208.39,204.75,197.65,194.76,204.80,201.86
9/1/08,175.55,173.32,194.98,193.22,211.55,209.86,252.06,250.60,212.05,210.32,203.06,200.76,207.45,205.26,205.69,203.04,198.60,197.16,202.22,200.15
10/1/08,174.69,173.19,193.80,192.61,208.53,206.36,244.38,243.02,212.57,210.95,198.94,197.81,205.25,203.92,205.61,202.96,196.17,194.71,199.94,198.33
11/1/08,170.92,170.05,192.06,190.88,206.96,206.03,239.28,239.73,208.39,207.57,193.46,193.30,199.21,198.33,200.03,199.25,192.69,192.00,195.65,194.90
12/1/08,169.35,170.28,190.25,190.49,203.65,203.40,238.52,239.97,207.43,207.47,191.11,192.18,195.36,195.42,201.00,201.19,192.78,193.15,193.82,194.25
1/1/09,171.89,173.79,190.42,191.49,203.63,203.95,238.83,240.59,208.94,210.05,187.53,189.67,199.24,200.56,201.00,202.98,192.76,193.88,194.66,196.07
2/1/09,171.26,172.88,190.22,191.30,204.69,205.09,237.82,238.40,212.40,214.17,189.28,189.78,199.94,200.71,203.38,204.33,194.40,195.38,195.48,196.38
3/1/09,170.48,171.30,189.86,190.89,204.60,204.74,230.68,231.68,210.00,209.54,186.83,187.57,196.92,196.57,200.32,200.94,194.89,194.53,193.65,193.93
4/1/09,170.35,169.66,191.07,190.30,203.67,203.50,232.19,231.17,211.37,210.38,186.01,185.59,197.25,195.42,203.23,201.44,195.21,193.60,193.98,192.87
5/1/09,173.98,170.64,191.73,189.33,204.79,202.46,232.31,229.10,208.83,206.34,186.45,184.88,197.65,195.07,204.30,201.23,196.71,194.40,195.15,192.51
6/1/09,173.14,169.35,194.92,191.74,204.05,200.96,230.10,226.48,210.07,206.26,188.69,185.97,198.00,194.62,205.79,201.12,199.65,196.11,195.92,192.38
7/1/09,171.89,168.39,192.39,189.45,204.70,201.41,230.16,226.59,209.52,206.45,188.97,185.79,197.84,195.03,204.75,200.49,197.28,194.09,195.19,191.86
8/1/09,171.07,167.63,192.40,189.80,205.33,202.02,228.36,225.33,207.50,204.72,189.59,187.40,195.00,192.52,204.12,200.28,197.17,194.31,194.38,191.40
9/1/09,170.79,168.48,189.14,187.22,202.57,200.91,225.21,223.68,206.82,205.08,188.67,186.53,196.30,194.05,202.84,200.16,195.51,194.08,193.42,191.33
10/1/09,169.00,167.50,192.54,191.10,204.23,201.95,225.38,223.90,207.52,205.80,189.20,187.94,193.56,192.16,203.45,200.72,197.68,196.38,193.38,191.72
11/1/09,169.93,168.75,191.00,189.87,202.39,201.40,225.76,226.11,206.06,204.88,190.35,190.09,194.15,193.15,202.19,201.32,195.60,194.85,193.17,192.28
12/1/09,165.73,166.73,187.33,187.62,202.23,201.98,219.80,221.11,205.49,205.31,186.72,187.83,189.28,189.29,199.16,199.28,194.72,195.33,189.88,190.32
1/1/10,164.21,166.33,186.42,187.61,201.77,202.26,220.83,222.25,203.06,204.10,184.23,186.37,190.52,191.92,195.65,197.70,194.12,195.55,189.00,190.52
2/1/10,163.82,165.74,185.00,186.34,203.02,203.63,219.45,220.12,200.84,202.75,186.95,187.92,187.21,188.20,197.45,198.73,193.52,194.60,188.57,189.72
3/1/10,164.67,165.80,184.26,185.40,201.23,201.66,218.69,219.86,203.78,203.84,187.03,187.76,189.21,189.00,198.05,198.94,194.58,194.10,189.17,189.59
4/1/10,166.60,166.00,187.03,186.44,199.82,199.52,221.31,220.23,202.69,202.12,188.03,187.59,191.46,189.68,201.45,199.80,197.08,195.33,190.86,189.76
5/1/10,169.37,166.00,189.32,186.72,202.75,200.38,221.22,217.92,206.12,203.43,190.39,188.62,190.48,187.73,203.92,200.86,199.49,197.07,192.60,189.82
6/1/10,168.13,164.15,187.14,183.77,204.11,200.68,217.86,213.89,206.50,202.44,187.03,184.27,190.89,187.27,203.89,198.86,198.09,194.39,191.58,187.81
7/1/10,167.19,163.37,187.32,184.12,203.12,199.45,216.71,212.71,205.30,201.83,186.87,183.54,187.77,184.74,199.46,194.88,197.60,194.26,190.16,186.55
8/1/10,167.56,163.93,186.93,184.16,201.64,198.26,215.40,212.32,206.29,203.16,184.51,182.36,186.95,184.31,200.58,196.60,197.06,194.41,189.54,186.47
9/1/10,164.32,161.80,185.36,183.32,199.57,197.79,210.75,209.05,203.16,201.22,183.56,181.49,183.88,181.62,197.70,194.94,193.55,192.21,186.79,184.62
10/1/10,165.69,164.18,183.77,182.25,201.64,199.32,211.41,209.96,203.77,201.97,180.62,179.35,183.53,182.14,196.94,194.28,192.89,191.88,186.60,184.96
11/1/10,164.26,162.91,184.17,183.34,199.58,198.48,206.67,206.89,202.37,200.88,179.50,179.19,182.52,181.51,194.63,193.62,192.62,191.93,185.22,184.27
12/1/10,159.87,160.88,178.40,178.72,197.19,197.02,204.34,205.62,199.96,199.61,177.06,178.23,180.91,180.88,193.09,193.19,189.87,190.52,182.38,182.82
1/1/11,158.25,160.57,179.80,181.13,195.11,195.68,205.08,206.33,200.64,201.65,173.34,175.47,177.23,178.64,189.40,191.45,189.84,191.40,180.50,182.07
2/1/11,157.09,159.33,178.03,179.51,194.15,195.10,198.96,199.75,195.11,197.30,173.31,174.62,175.15,176.39,188.44,189.92,189.16,190.19,178.86,180.21
3/1/11,154.78,156.09,176.67,177.54,192.89,193.62,198.56,199.73,193.90,194.40,172.16,172.76,174.75,174.59,188.65,189.53,190.09,189.37,178.00,178.44
4/1/11,157.18,156.58,179.10,178.42,195.88,195.53,198.56,197.54,199.04,199.01,172.58,172.06,176.15,174.49,190.30,188.85,192.35,190.48,179.86,178.78
5/1/11,160.33,157.08,181.03,178.14,195.19,192.77,200.92,197.79,199.28,196.34,172.61,170.70,177.42,174.64,192.15,189.23,192.83,190.32,181.15,178.35
6/1/11,162.26,158.20,181.89,178.29,197.38,193.57,201.91,197.74,201.24,196.96,172.87,170.15,178.75,175.07,195.32,190.18,196.13,192.34,182.86,178.98
7/1/11,163.77,159.68,184.41,180.93,197.93,194.08,203.09,199.03,199.69,195.82,174.11,170.84,178.04,174.86,196.60,191.66,193.76,190.30,183.25,179.47
8/1/11,161.57,157.83,182.97,180.00,196.65,193.23,201.77,198.70,198.88,195.41,171.88,169.76,178.59,175.81,194.37,190.23,192.62,190.18,181.98,178.85
9/1/11,161.07,158.46,180.91,178.78,195.00,193.17,203.00,201.23,198.80,196.74,172.47,170.54,180.64,178.45,194.68,191.78,192.50,191.14,182.18,179.98
10/1/11,158.57,157.11,179.46,177.93,193.76,191.57,200.31,198.98,197.72,196.12,171.43,170.27,177.80,176.43,194.52,191.99,192.26,191.48,180.50,178.94
11/1/11,160.80,159.47,179.77,179.15,191.78,190.61,199.95,200.06,197.43,195.88,170.91,170.59,177.36,176.39,194.30,193.12,194.14,193.52,180.75,179.80
12/1/11,157.62,158.68,182.35,182.71,190.86,190.74,201.88,203.18,196.61,196.47,169.16,170.30,178.37,178.33,189.33,189.41,193.32,193.96,179.83,180.28
1/1/12,155.45,157.96,177.89,179.31,191.56,192.32,199.38,200.52,193.71,194.78,169.07,171.14,175.81,177.45,192.25,194.34,190.23,191.83,178.23,179.88
2/1/12,155.68,158.18,178.55,180.18,189.12,190.42,202.11,203.02,192.59,195.10,169.72,171.29,175.98,177.40,190.62,192.34,192.83,193.75,178.53,180.08
3/1/12,157.40,158.77,182.07,182.52,191.84,192.94,206.28,207.41,194.29,195.11,172.62,173.04,178.81,178.60,192.75,193.53,196.46,195.47,181.29,181.68
4/1/12,160.60,159.81,182.80,181.80,192.60,192.16,210.44,209.34,194.49,194.68,175.58,174.79,182.69,181.00,194.31,192.91,198.37,196.40,183.85,182.65
5/1/12,164.39,161.06,186.97,183.77,195.07,192.55,215.68,212.35,198.48,195.13,178.90,176.66,184.25,181.25,199.02,196.06,199.67,196.96,186.93,183.91
6/1/12,165.65,161.23,187.51,183.60,196.95,192.74,221.56,216.71,200.48,195.86,181.13,178.19,185.56,181.56,201.04,195.68,201.35,197.47,188.79,184.58
7/1/12,166.03,161.56,186.61,182.96,196.35,192.32,223.20,218.56,199.78,195.34,181.11,177.57,186.01,182.55,202.82,197.46,202.71,199.01,189.20,185.07
8/1/12,166.07,162.07,185.80,182.76,196.12,192.53,222.25,218.77,200.51,196.58,184.54,182.25,186.51,183.61,201.32,196.96,201.72,199.35,189.47,186.14
9/1/12,165.24,162.42,184.75,182.54,196.30,194.33,222.97,220.95,198.95,196.63,183.91,181.98,186.76,184.62,199.80,196.76,202.07,200.63,189.12,186.81
10/1/12,164.57,163.13,186.07,184.58,193.81,191.77,223.49,222.34,197.46,196.00,186.41,185.34,187.00,185.57,201.16,198.83,201.99,201.38,189.30,187.80
11/1/12,163.60,162.36,184.87,184.43,195.09,193.95,225.22,225.34,199.92,198.40,188.17,187.92,186.43,185.59,200.78,199.49,203.62,203.14,189.67,188.78
12/1/12,162.01,163.13,185.63,185.98,194.40,194.35,224.91,226.50,199.67,199.72,188.86,190.23,186.73,186.75,199.54,199.75,201.58,202.11,189.15,189.67
1/1/13,161.61,164.39,183.76,185.27,193.04,193.90,227.17,228.58,197.88,198.97,191.45,193.78,186.78,188.70,198.98,201.18,202.91,204.54,189.36,191.19
2/1/13,162.57,165.33,185.56,187.34,193.87,195.48,229.32,230.35,197.81,200.52,192.75,194.68,188.75,190.28,199.32,201.25,204.47,205.32,190.67,192.40
3/1/13,165.41,166.62,188.20,188.01,194.99,196.31,234.06,234.97,201.51,202.49,198.31,198.62,192.65,192.18,202.61,203.14,207.32,206.06,194.11,194.31
4/1/13,168.94,167.89,190.39,188.81,197.45,196.98,239.24,237.95,201.22,201.37,202.92,201.72,194.08,192.18,204.19,202.67,209.45,207.40,196.80,195.37
5/1/13,171.83,168.41,192.83,189.24,200.12,197.28,242.72,239.02,206.88,202.99,207.66,204.86,198.92,195.58,206.91,203.76,212.38,209.42,200.44,197.09
6/1/13,174.25,169.41,195.22,191.06,202.27,197.61,246.42,240.89,207.81,202.70,210.83,207.34,200.47,196.00,211.52,205.92,214.05,210.04,202.86,198.21
7/1/13,175.49,170.63,192.75,188.92,203.18,198.89,247.59,242.57,209.64,204.56,215.05,210.85,201.90,197.97,211.78,206.01,213.38,209.42,203.97,199.41
8/1/13,175.22,170.96,192.31,189.08,201.94,198.09,248.04,244.19,209.53,205.15,215.11,212.50,201.48,198.37,211.40,206.75,212.82,210.39,203.61,200.00
9/1/13,174.32,171.34,195.92,193.53,200.99,198.84,249.04,246.83,206.51,203.90,216.50,214.47,200.76,198.56,210.77,207.59,213.19,211.64,203.56,201.10
10/1/13,172.76,171.31,192.69,191.28,201.41,199.48,251.05,250.09,205.88,204.58,216.49,215.55,201.09,199.48,209.52,207.32,212.74,212.21,203.08,201.60
11/1/13,172.87,171.87,190.99,190.57,200.87,199.74,248.19,248.34,205.80,204.46,216.09,215.96,200.73,199.99,209.27,207.91,212.77,212.45,202.61,201.80
12/1/13,171.62,172.87,191.11,191.34,198.12,198.02,248.28,250.10,203.18,203.59,215.56,217.12,201.36,201.40,207.80,208.12,215.03,215.43,202.18,202.74
1/1/14,170.70,173.72,189.60,191.04,198.60,199.56,250.46,252.02,204.39,205.62,215.85,218.38,199.81,201.87,208.06,210.24,214.77,216.39,201.85,203.79
2/1/14,171.04,173.94,191.95,193.83,197.02,198.74,253.68,254.53,201.41,204.27,218.90,220.97,201.87,203.26,208.61,210.74,215.87,216.67,202.97,204.73
3/1/14,173.23,174.08,193.54,192.84,198.13,199.57,252.88,253.25,207.90,208.89,221.91,221.94,204.95,204.06,211.24,211.39,219.63,218.15,205.52,205.41
4/1/14,176.86,175.54,195.69,193.77,201.14,200.67,256.03,254.36,206.17,205.98,224.57,222.93,206.38,204.15,214.37,212.58,220.28,218.21,207.78,206.07
5/1/14,178.68,175.19,197.30,193.62,204.22,201.13,259.52,255.47,212.95,208.82,226.91,223.65,208.52,204.94,215.03,211.60,221.81,218.61,210.06,206.46
6/1/14,180.85,175.74,199.03,194.82,206.55,201.72,262.85,257.14,214.23,208.84,229.43,225.65,210.87,206.11,218.24,212.54,223.19,219.17,212.33,207.45
7/1/14,181.59,176.56,199.32,195.49,205.71,201.32,262.07,256.97,215.13,209.60,231.09,226.67,211.51,207.26,219.06,213.08,225.69,221.52,213.10,208.31
8/1/14,181.78,177.47,199.75,196.48,206.41,202.34,264.72,260.63,214.62,210.12,231.49,228.73,209.91,206.72,218.60,213.80,225.33,222.81,213.04,209.29
9/1/14,181.03,177.96,198.62,196.27,203.72,201.45,262.16,259.91,212.84,210.04,230.45,228.43,209.75,207.51,217.90,214.70,224.83,223.09,212.01,209.45
10/1/14,180.61,179.18,198.36,197.12,204.10,202.19,262.78,262.05,211.15,209.85,231.41,230.70,210.88,209.11,217.52,215.48,225.01,224.42,212.25,210.78
11/1/14,179.80,179.04,199.32,199.03,203.80,202.77,263.71,263.69,211.30,210.26,231.55,231.47,211.41,210.70,218.01,216.53,225.90,225.76,212.46,211.72
12/1/14,179.31,180.61,197.55,197.70,204.68,204.61,265.37,267.24,209.46,210.25,232.38,234.02,212.01,211.99,216.49,217.04,227.23,227.58,212.61,213.18
1/1/15,176.57,179.65,199.72,201.14,202.71,203.63,267.11,268.61,208.62,209.85,232.90,235.54,208.76,210.78,214.80,217.03,227.49,229.06,211.41,213.34
2/1/15,178.62,181.56,197.84,199.69,201.37,202.99,270.32,270.72,210.97,213.87,234.76,236.58,213.80,215.07,215.13,217.37,229.52,230.38,213.34,215.02
3/1/15,181.45,181.85,203.20,202.07,204.67,206.11,271.38,271.08,212.43,213.31,237.98,237.65,216.65,215.51,217.99,217.76,231.01,229.35,216.16,215.72
4/1/15,183.75,182.21,206.09,203.89,204.77,204.32,274.05,271.94,214.52,213.74,241.61,239.54,218.45,215.88,221.99,219.84,232.94,230.87,218.45,216.46
5/1/15,187.22,183.63,205.58,201.72,208.63,205.36,278.82,274.32,218.54,214.16,244.27,240.62,221.29,217.50,224.39,220.60,237.24,233.63,221.58,217.70
6/1/15,189.81,184.50,207.47,203.33,210.83,205.90,280.84,275.09,222.02,216.30,246.29,242.32,223.67,218.78,226.56,220.79,238.38,234.36,223.78,218.76
7/1/15,189.35,184.26,207.37,203.44,211.75,207.28,285.78,280.59,221.39,215.61,248.34,243.94,224.15,219.70,227.67,221.54,239.54,235.19,224.63,219.72
8/1/15,187.88,183.57,207.58,204.07,211.46,207.28,284.36,280.13,220.41,215.82,247.86,245.00,223.47,220.12,228.51,223.58,239.30,236.60,224.04,220.15
9/1/15,188.52,185.45,207.53,205.15,210.58,208.31,283.89,281.54,219.92,216.97,248.61,246.53,224.63,222.32,227.23,224.04,239.30,237.34,224.24,221.60
10/1/15,188.14,186.61,207.38,206.30,209.97,208.00,283.93,283.26,218.39,216.88,249.52,249.11,225.12,223.28,226.50,224.60,239.32,238.68,224.17,222.69
11/1/15,187.90,187.31,208.19,207.85,208.81,207.80,288.02,287.75,219.23,218.35,252.22,252.19,225.56,224.85,227.26,225.57,239.12,239.05,224.81,224.07
12/1/15,187.22,188.62,208.57,208.70,209.48,209.38,284.45,286.15,218.46,219.52,251.94,253.58,225.38,225.32,227.09,227.79,239.40,239.81,224.47,225.06
1/1/16,186.24,189.39,210.05,211.45,207.53,208.50,286.06,287.39,219.30,220.54,250.72,253.40,226.07,228.20,228.32,230.61,239.64,241.19,224.42,226.37
2/1/16,186.59,189.45,207.56,209.20,209.22,210.72,290.17,290.25,216.19,218.83,254.21,255.72,226.54,227.64,228.37,230.84,240.25,241.15,225.21,226.75
3/1/16,190.44,190.48,210.97,209.56,209.63,211.04,294.40,293.41,220.04,220.86,259.05,258.38,231.14,229.77,230.13,229.45,245.60,243.77,228.97,228.25
4/1/16,192.84,191.12,213.94,211.67,211.73,211.28,297.23,294.78,223.97,222.47,262.07,259.58,233.20,230.24,233.91,231.36,246.65,244.52,231.46,229.19
5/1/16,195.42,191.77,216.15,212.09,216.52,213.19,301.82,296.89,226.88,222.37,264.78,260.70,235.63,231.61,235.97,231.75,249.52,245.44,234.39,230.23
6/1/16,198.48,192.99,216.46,212.37,218.80,213.81,304.05,298.43,228.70,222.69,265.29,261.16,238.64,233.58,237.94,231.93,251.40,247.31,236.52,231.35
7/1/16,198.81,193.64,218.36,214.16,218.83,214.22,304.51,299.24,229.25,223.34,267.56,263.11,239.43,234.78,241.26,234.79,253.17,248.70,237.69,232.60
8/1/16,199.92,195.53,219.13,215.30,219.20,214.92,305.62,301.28,229.78,225.18,266.98,264.06,239.29,235.61,239.79,234.75,252.70,249.83,237.83,233.76
9/1/16,199.32,196.17,219.00,216.56,217.93,215.57,306.37,303.84,229.67,226.56,270.07,267.75,240.00,237.48,239.61,236.35,253.43,251.18,238.20,235.38
10/1/16,198.79,197.14,217.64,216.68,218.42,216.33,308.41,307.76,230.08,228.24,268.92,268.74,241.15,239.15,239.26,237.42,253.17,252.45,238.21,236.66
11/1/16,198.55,197.98,219.22,218.80,219.64,218.71,308.97,308.39,230.31,229.48,271.29,271.23,241.07,240.26,240.61,238.70,253.66,253.44,238.91,238.08
12/1/16,198.07,199.53,220.92,220.93,217.84,217.81,309.22,310.75,228.38,229.58,270.89,272.58,241.90,241.72,239.52,240.40,253.48,254.02,238.67,239.25
1/1/17,196.01,199.17,217.33,218.58,217.01,218.00,309.42,310.72,229.13,230.35,271.11,273.78,240.06,242.14,237.32,239.66,254.07,255.61,237.51,239.42
2/1/17,198.50,201.30,221.23,222.62,218.77,220.11,315.19,315.11,229.54,232.11,274.68,275.89,242.47,243.45,238.97,241.62,256.64,257.68,240.20,241.64
3/1/17,202.96,202.69,225.44,223.90,219.29,220.54,318.37,316.76,233.91,234.93,279.85,278.89,246.46,244.93,244.01,242.92,258.96,256.93,243.94,242.96
4/1/17,205.12,203.27,225.29,223.03,222.77,222.28,322.42,319.65,237.18,235.07,283.69,280.80,250.85,247.44,246.43,243.59,263.22,260.95,247.17,244.64
5/1/17,207.69,203.87,227.98,223.63,225.64,222.21,326.49,321.15,239.39,234.76,287.98,283.44,252.41,248.04,250.07,245.45,267.43,262.75,250.16,245.67
6/1/17,209.48,203.73,229.52,225.40,227.75,222.63,328.64,322.96,242.43,236.02,289.56,285.21,253.69,248.45,252.60,246.29,266.89,262.63,251.72,246.33
7/1/17,210.89,205.54,231.97,227.43,229.14,224.33,331.58,325.97,243.90,237.85,289.69,285.20,255.32,250.44,253.28,246.45,268.63,263.95,253.18,247.86
8/1/17,210.97,206.45,232.76,228.56,230.51,226.07,331.83,327.41,243.04,238.32,292.53,289.41,257.08,252.99,252.87,247.72,268.72,265.58,254.06,249.73
9/1/17,211.00,207.70,230.66,228.16,229.90,227.40,333.47,330.61,242.56,239.32,293.78,291.16,255.91,253.07,252.74,249.37,269.97,267.37,253.97,250.91
10/1/17,210.88,209.03,233.84,232.97,231.28,229.06,334.45,333.74,243.72,241.67,293.05,293.00,257.15,254.99,252.73,250.80,269.14,268.32,254.51,252.84
11/1/17,210.80,210.24,230.63,230.21,230.01,229.00,338.81,337.94,242.77,241.96,295.46,295.35,257.67,256.75,254.32,252.13,271.45,270.93,255.13,254.17
12/1/17,210.43,212.03,232.18,232.18,229.92,229.86,338.42,339.83,242.35,243.60,294.99,296.75,258.53,258.25,251.34,252.32,270.99,271.69,254.94,255.53
1/1/18,210.64,213.94,232.43,233.81,230.06,231.11,341.52,342.82,243.36,244.69,297.60,300.39,259.11,261.18,253.47,255.92,269.05,270.62,255.61,257.57
2/1/18,212.18,214.99,234.57,235.70,231.25,232.50,345.61,345.44,244.51,247.06,302.72,303.83,262.23,263.04,254.03,256.98,275.25,276.39,258.51,259.89
3/1/18,215.47,215.06,237.36,235.75,235.51,236.63,349.89,347.68,245.27,246.37,305.04,303.92,265.70,263.91,259.39,257.85,276.57,274.30,261.70,260.48
4/1/18,219.21,217.25,238.43,236.18,235.37,234.84,353.04,349.82,250.22,247.71,308.35,305.12,269.14,265.26,261.77,258.72,276.57,274.11,264.19,261.40
5/1/18,220.66,216.66,243.51,238.82,238.37,234.78,357.65,351.71,253.84,249.03,310.28,305.34,271.58,266.78,265.18,260.13,281.92,276.85,267.26,262.41
6/1/18,224.25,218.16,245.32,240.97,241.61,236.28,361.96,355.79,255.21,248.51,311.47,306.95,271.60,266.03,268.45,261.67,281.68,277.17,269.18,263.46
7/1/18,224.87,219.25,245.77,240.94,242.41,237.32,361.47,355.32,255.23,249.01,313.10,308.45,274.23,269.00,270.11,262.78,282.63,277.75,270.36,264.71
8/1/18,224.80,220.05,246.72,242.22,241.50,236.90,362.54,357.85,255.79,250.93,313.83,310.59,275.31,270.76,269.10,263.67,282.65,279.33,270.62,266.01
9/1/18,225.16,221.66,245.60,242.86,240.53,237.90,365.62,362.40,254.78,251.45,311.60,308.75,274.81,271.67,267.19,263.61,282.83,279.98,270.13,266.82
10/1/18,224.98,223.00,246.02,245.07,240.14,237.79,364.42,363.57,255.72,253.48,312.80,312.86,273.25,270.92,268.96,266.88,281.73,280.83,269.91,268.11
11/1/18,223.01,222.45,248.42,247.98,242.30,241.21,365.80,364.68,255.63,254.87,312.22,311.98,274.69,273.68,268.43,266.02,284.27,283.57,270.50,269.44
12/1/18,221.87,223.62,247.43,247.28,242.28,242.27,364.72,366.11,255.76,257.13,311.74,313.56,275.36,275.02,266.59,267.73,282.13,282.93,269.81,270.44
1/1/19,222.12,225.57,246.00,247.48,242.99,244.09,368.77,370.09,254.12,255.51,311.72,314.58,274.31,276.40,266.62,269.15,282.97,284.57,269.89,271.91
2/1/19,224.81,227.72,250.37,251.32,240.73,241.96,370.05,369.79,256.14,258.71,314.06,315.03,277.50,278.31,266.69,269.82,284.20,285.35,271.73,273.09
3/1/19,226.48,225.96,252.05,250.30,242.86,243.84,374.98,372.51,256.09,257.12,316.30,315.02,280.53,278.69,274.55,272.69,288.67,286.26,274.73,273.38
,,,,,,,,,,,,,,,,,,,,
,,,,,,,,,,,,,,,,,,,,
,,,,,,,,,,,,,,,,,,,,
,,,,,,,,,,,,,,,,,,,,
,,,,,,,,,,,,,,,,,,,,
,,,,,,,,,,,,,,,,,,,,
,,,,,,,,,,,,,,,,,,,,
,,,,,,,,,,,,,,,,,,,,
,,,,,,,,,,,,,,,,,,,,
,,,,,,,,,,,,,,,,,,,,
,,,,,,,,,,,,,,,,,,,,
,,,,,,,,,,,,,,,,,,,,
,,,,,,,,,,,,,,,,,,,,
,,,,,,,,,,,,,,,,,,,,
,,,,,,,,,,,,,,,,,,,,
,,,,,,,,,,,,,,,,,,,,
,,,,,,,,,,,,,,,,,,,,
,,,,,,,,,,,,,,,,,,,,
,,,,,,,,,,,,,,,,,,,,
,,,,,,,,,,,,,,,,,,,,
,,,,,,,,,,,,,,,,,,,,
,,,,,,,,,,,,,,,,,,,,
,,,,,,,,,,,,,,,,,,,,
,,,,,,,,,,,,,,,,,,,,
,,,,,,,,,,,,,,,,,,,,
,,,,,,,,,,,,,,,,,,,,
,,,,,,,,,,,,,,,,,,,,
,,,,,,,,,,,,,,,,,,,,
,,,,,,,,,,,,,,,,,,,,
,,,,,,,,,,,,,,,,,,,,
,,,,,,,,,,,,,,,,,,,,
,,,,,,,,,,,,,,,,,,,,
,,,,,,,,,,,,,,,,,,,,
,,,,,,,,,,,,,,,,,,,,
,,,,,,,,,,,,,,,,,,,,
,,,,,,,,,,,,,,,,,,,,
,,,,,,,,,,,,,,,,,,,,
,,,,,,,,,,,,,,,,,,,,
,,,,,,,,,,,,,,,,,,,,
,,,,,,,,,,,,,,,,,,,,
,,,,,,,,,,,,,,,,,,,,
,,,,,,,,,,,,,,,,,,,,
,,,,,,,,,,,,,,,,,,,,
,,,,,,,,,,,,,,,,,,,,
,,,,,,,,,,,,,,,,,,,,
,,,,,,,,,,,,,,,,,,,,
,,,,,,,,,,,,,,,,,,,,
,,,,,,,,,,,,,,,,,,,,
,,,,,,,,,,,,,,,,,,,,
,,,,,,,,,,,,,,,,,,,,
,,,,,,,,,,,,,,,,,,,,
,,,,,,,,,,,,,,,,,,,,
,,,,,,,,,,,,,,,,,,,,
,,,,,,,,,,,,,,,,,,,,
,,,,,,,,,,,,,,,,,,,,
,,,,,,,,,,,,,,,,,,,,
,,,,,,,,,,,,,,,,,,,,
,,,,,,,,,,,,,,,,,,,,
,,,,,,,,,,,,,,,,,,,,
,,,,,,,,,,,,,,,,,,,,
,,,,,,,,,,,,,,,,,,,,
,,,,,,,,,,,,,,,,,,,,
,,,,,,,,,,,,,,,,,,,,
,,,,,,,,,,,,,,,,,,,,
,,,,,,,,,,,,,,,,,,,,
,,,,,,,,,,,,,,,,,,,,
,,,,,,,,,,,,,,,,,,,,
,,,,,,,,,,,,,,,,,,,,
,,,,,,,,,,,,,,,,,,,,
,,,,,,,,,,,,,,,,,,,,
,,,,,,,,,,,,,,,,,,,,
,,,,,,,,,,,,,,,,,,,,
,,,,,,,,,,,,,,,,,,,,
,,,,,,,,,,,,,,,,,,,,
,,,,,,,,,,,,,,,,,,,,
,,,,,,,,,,,,,,,,,,,,
,,,,,,,,,,,,,,,,,,,,
,,,,,,,,,,,,,,,,,,,,
,,,,,,,,,,,,,,,,,,,,
,,,,,,,,,,,,,,,,,,,,
,,,,,,,,,,,,,,,,,,,,
,,,,,,,,,,,,,,,,,,,,
,,,,,,,,,,,,,,,,,,,,
,,,,,,,,,,,,,,,,,,,,
,,,,,,,,,,,,,,,,,,,,
,,,,,,,,,,,,,,,,,,,,
,,,,,,,,,,,,,,,,,,,,
,,,,,,,,,,,,,,,,,,,,
,,,,,,,,,,,,,,,,,,,,
,,,,,,,,,,,,,,,,,,,,
,,,,,,,,,,,,,,,,,,,,
,,,,,,,,,,,,,,,,,,,,
,,,,,,,,,,,,,,,,,,,,
,,,,,,,,,,,,,,,,,,,,
,,,,,,,,,,,,,,,,,,,,
,,,,,,,,,,,,,,,,,,,,
,,,,,,,,,,,,,,,,,,,,
,,,,,,,,,,,,,,,,,,,,
,,,,,,,,,,,,,,,,,,,,
,,,,,,,,,,,,,,,,,,,,
,,,,,,,,,,,,,,,,,,,,
,,,,,,,,,,,,,,,,,,,,
,,,,,,,,,,,,,,,,,,,,
,,,,,,,,,,,,,,,,,,,,
,,,,,,,,,,,,,,,,,,,,
,,,,,,,,,,,,,,,,,,,,
,,,,,,,,,,,,,,,,,,,,
,,,,,,,,,,,,,,,,,,,,
,,,,,,,,,,,,,,,,,,,,
,,,,,,,,,,,,,,,,,,,,
,,,,,,,,,,,,,,,,,,,,
,,,,,,,,,,,,,,,,,,,,
,,,,,,,,,,,,,,,,,,,,
,,,,,,,,,,,,,,,,,,,,
,,,,,,,,,,,,,,,,,,,,
,,,,,,,,,,,,,,,,,,,,
,,,,,,,,,,,,,,,,,,,,
,,,,,,,,,,,,,,,,,,,,
,,,,,,,,,,,,,,,,,,,,
,,,,,,,,,,,,,,,,,,,,
,,,,,,,,,,,,,,,,,,,,
,,,,,,,,,,,,,,,,,,,,
,,,,,,,,,,,,,,,,,,,,
,,,,,,,,,,,,,,,,,,,,
,,,,,,,,,,,,,,,,,,,,
,,,,,,,,,,,,,,,,,,,,
,,,,,,,,,,,,,,,,,,,,
,,,,,,,,,,,,,,,,,,,,
,,,,,,,,,,,,,,,,,,,,
,,,,,,,,,,,,,,,,,,,,
,,,,,,,,,,,,,,,,,,,,
,,,,,,,,,,,,,,,,,,,,
,,,,,,,,,,,,,,,,,,,,
,,,,,,,,,,,,,,,,,,,,
,,,,,,,,,,,,,,,,,,,,
,,,,,,,,,,,,,,,,,,,,
,,,,,,,,,,,,,,,,,,,,
,,,,,,,,,,,,,,,,,,,,
,,,,,,,,,,,,,,,,,,,,
,,,,,,,,,,,,,,,,,,,,
,,,,,,,,,,,,,,,,,,,,
,,,,,,,,,,,,,,,,,,,,
,,,,,,,,,,,,,,,,,,,,
,,,,,,,,,,,,,,,,,,,,
,,,,,,,,,,,,,,,,,,,,
,,,,,,,,,,,,,,,,,,,,
,,,,,,,,,,,,,,,,,,,,
,,,,,,,,,,,,,,,,,,,,
,,,,,,,,,,,,,,,,,,,,
,,,,,,,,,,,,,,,,,,,,
,,,,,,,,,,,,,,,,,,,,
,,,,,,,,,,,,,,,,,,,,
,,,,,,,,,,,,,,,,,,,,
,,,,,,,,,,,,,,,,,,,,
,,,,,,,,,,,,,,,,,,,,
,,,,,,,,,,,,,,,,,,,,
,,,,,,,,,,,,,,,,,,,,
,,,,,,,,,,,,,,,,,,,,
,,,,,,,,,,,,,,,,,,,,
,,,,,,,,,,,,,,,,,,,,
,,,,,,,,,,,,,,,,,,,,
,,,,,,,,,,,,,,,,,,,,
,,,,,,,,,,,,,,,,,,,,
,,,,,,,,,,,,,,,,,,,,
,,,,,,,,,,,,,,,,,,,,
,,,,,,,,,,,,,,,,,,,,
,,,,,,,,,,,,,,,,,,,,
,,,,,,,,,,,,,,,,,,,,
,,,,,,,,,,,,,,,,,,,,
,,,,,,,,,,,,,,,,,,,,
,,,,,,,,,,,,,,,,,,,,
,,,,,,,,,,,,,,,,,,,,
,,,,,,,,,,,,,,,,,,,,
,,,,,,,,,,,,,,,,,,,,
,,,,,,,,,,,,,,,,,,,,
,,,,,,,,,,,,,,,,,,,,
,,,,,,,,,,,,,,,,,,,,
,,,,,,,,,,,,,,,,,,,,
,,,,,,,,,,,,,,,,,,,,
,,,,,,,,,,,,,,,,,,,,
,,,,,,,,,,,,,,,,,,,,
,,,,,,,,,,,,,,,,,,,,
,,,,,,,,,,,,,,,,,,,,
,,,,,,,,,,,,,,,,,,,,
,,,,,,,,,,,,,,,,,,,,
,,,,,,,,,,,,,,,,,,,,
,,,,,,,,,,,,,,,,,,,,
,,,,,,,,,,,,,,,,,,,,
,,,,,,,,,,,,,,,,,,,,
,,,,,,,,,,,,,,,,,,,,
,,,,,,,,,,,,,,,,,,,,
,,,,,,,,,,,,,,,,,,,,
,,,,,,,,,,,,,,,,,,,,
,,,,,,,,,,,,,,,,,,,,
,,,,,,,,,,,,,,,,,,,,
,,,,,,,,,,,,,,,,,,,,
,,,,,,,,,,,,,,,,,,,,
,,,,,,,,,,,,,,,,,,,,
,,,,,,,,,,,,,,,,,,,,
,,,,,,,,,,,,,,,,,,,,
,,,,,,,,,,,,,,,,,,,,
,,,,,,,,,,,,,,,,,,,,
,,,,,,,,,,,,,,,,,,,,
,,,,,,,,,,,,,,,,,,,,
,,,,,,,,,,,,,,,,,,,,
,,,,,,,,,,,,,,,,,,,,
,,,,,,,,,,,,,,,,,,,,
,,,,,,,,,,,,,,,,,,,,
,,,,,,,,,,,,,,,,,,,,
,,,,,,,,,,,,,,,,,,,,
,,,,,,,,,,,,,,,,,,,,
,,,,,,,,,,,,,,,,,,,,
,,,,,,,,,,,,,,,,,,,,
,,,,,,,,,,,,,,,,,,,,
,,,,,,,,,,,,,,,,,,,,
,,,,,,,,,,,,,,,,,,,,
,,,,,,,,,,,,,,,,,,,,
,,,,,,,,,,,,,,,,,,,,
,,,,,,,,,,,,,,,,,,,,
,,,,,,,,,,,,,,,,,,,,
,,,,,,,,,,,,,,,,,,,,
,,,,,,,,,,,,,,,,,,,,
,,,,,,,,,,,,,,,,,,,,
,,,,,,,,,,,,,,,,,,,,
,,,,,,,,,,,,,,,,,,,,
,,,,,,,,,,,,,,,,,,,,
,,,,,,,,,,,,,,,,,,,,
,,,,,,,,,,,,,,,,,,,,
,,,,,,,,,,,,,,,,,,,,
,,,,,,,,,,,,,,,,,,,,
,,,,,,,,,,,,,,,,,,,,
,,,,,,,,,,,,,,,,,,,,
,,,,,,,,,,,,,,,,,,,,
,,,,,,,,,,,,,,,,,,,,
,,,,,,,,,,,,,,,,,,,,
,,,,,,,,,,,,,,,,,,,,
,,,,,,,,,,,,,,,,,,,,
,,,,,,,,,,,,,,,,,,,,
,,,,,,,,,,,,,,,,,,,,
,,,,,,,,,,,,,,,,,,,,
,,,,,,,,,,,,,,,,,,,,
,,,,,,,,,,,,,,,,,,,,
,,,,,,,,,,,,,,,,,,,,
,,,,,,,,,,,,,,,,,,,,
,,,,,,,,,,,,,,,,,,,,
,,,,,,,,,,,,,,,,,,,,
,,,,,,,,,,,,,,,,,,,,
,,,,,,,,,,,,,,,,,,,,
,,,,,,,,,,,,,,,,,,,,
,,,,,,,,,,,,,,,,,,,,
,,,,,,,,,,,,,,,,,,,,
,,,,,,,,,,,,,,,,,,,,
,,,,,,,,,,,,,,,,,,,,
,,,,,,,,,,,,,,,,,,,,
,,,,,,,,,,,,,,,,,,,,
,,,,,,,,,,,,,,,,,,,,
,,,,,,,,,,,,,,,,,,,,
,,,,,,,,,,,,,,,,,,,,
,,,,,,,,,,,,,,,,,,,,
,,,,,,,,,,,,,,,,,,,,
,,,,,,,,,,,,,,,,,,,,
,,,,,,,,,,,,,,,,,,,,
,,,,,,,,,,,,,,,,,,,,
,,,,,,,,,,,,,,,,,,,,
,,,,,,,,,,,,,,,,,,,,
,,,,,,,,,,,,,,,,,,,,
,,,,,,,,,,,,,,,,,,,,
,,,,,,,,,,,,,,,,,,,,
,,,,,,,,,,,,,,,,,,,,
,,,,,,,,,,,,,,,,,,,,
,,,,,,,,,,,,,,,,,,,,
,,,,,,,,,,,,,,,,,,,,
,,,,,,,,,,,,,,,,,,,,
,,,,,,,,,,,,,,,,,,,,
,,,,,,,,,,,,,,,,,,,,
,,,,,,,,,,,,,,,,,,,,
,,,,,,,,,,,,,,,,,,,,
,,,,,,,,,,,,,,,,,,,,
,,,,,,,,,,,,,,,,,,,,
,,,,,,,,,,,,,,,,,,,,
,,,,,,,,,,,,,,,,,,,,
,,,,,,,,,,,,,,,,,,,,
,,,,,,,,,,,,,,,,,,,,
,,,,,,,,,,,,,,,,,,,,
,,,,,,,,,,,,,,,,,,,,
,,,,,,,,,,,,,,,,,,,,
,,,,,,,,,,,,,,,,,,,,
,,,,,,,,,,,,,,,,,,,,
,,,,,,,,,,,,,,,,,,,,
,,,,,,,,,,,,,,,,,,,,
,,,,,,,,,,,,,,,,,,,,
,,,,,,,,,,,,,,,,,,,,
,,,,,,,,,,,,,,,,,,,,
,,,,,,,,,,,,,,,,,,,,
,,,,,,,,,,,,,,,,,,,,
,,,,,,,,,,,,,,,,,,,,
,,,,,,,,,,,,,,,,,,,,
,,,,,,,,,,,,,,,,,,,,
,,,,,,,,,,,,,,,,,,,,
,,,,,,,,,,,,,,,,,,,,
,,,,,,,,,,,,,,,,,,,,
,,,,,,,,,,,,,,,,,,,,
,,,,,,,,,,,,,,,,,,,,
,,,,,,,,,,,,,,,,,,,,
,,,,,,,,,,,,,,,,,,,,
,,,,,,,,,,,,,,,,,,,,
,,,,,,,,,,,,,,,,,,,,
,,,,,,,,,,,,,,,,,,,,
,,,,,,,,,,,,,,,,,,,,
,,,,,,,,,,,,,,,,,,,,
,,,,,,,,,,,,,,,,,,,,
,,,,,,,,,,,,,,,,,,,,
,,,,,,,,,,,,,,,,,,,,
,,,,,,,,,,,,,,,,,,,,
,,,,,,,,,,,,,,,,,,,,
,,,,,,,,,,,,,,,,,,,,
,,,,,,,,,,,,,,,,,,,,
,,,,,,,,,,,,,,,,,,,,
,,,,,,,,,,,,,,,,,,,,
,,,,,,,,,,,,,,,,,,,,
,,,,,,,,,,,,,,,,,,,,
,,,,,,,,,,,,,,,,,,,,
,,,,,,,,,,,,,,,,,,,,
,,,,,,,,,,,,,,,,,,,,
,,,,,,,,,,,,,,,,,,,,
,,,,,,,,,,,,,,,,,,,,
,,,,,,,,,,,,,,,,,,,,
,,,,,,,,,,,,,,,,,,,,
,,,,,,,,,,,,,,,,,,,,
,,,,,,,,,,,,,,,,,,,,
,,,,,,,,,,,,,,,,,,,,
,,,,,,,,,,,,,,,,,,,,
,,,,,,,,,,,,,,,,,,,,
,,,,,,,,,,,,,,,,,,,,
,,,,,,,,,,,,,,,,,,,,
,,,,,,,,,,,,,,,,,,,,
,,,,,,,,,,,,,,,,,,,,
,,,,,,,,,,,,,,,,,,,,
,,,,,,,,,,,,,,,,,,,,
,,,,,,,,,,,,,,,,,,,,
,,,,,,,,,,,,,,,,,,,,
,,,,,,,,,,,,,,,,,,,,
,,,,,,,,,,,,,,,,,,,,
,,,,,,,,,,,,,,,,,,,,
,,,,,,,,,,,,,,,,,,,,
,,,,,,,,,,,,,,,,,,,,