01.Jan.1990W !W, MBAM@haverw , MBAMP@haverw , MBAMR@HAVERW ,MBA30C@HAVERW
.DESC,"MBA: Market Volume Index: All Mortgage Loan Applications (SA, Mar-16-90=100)"," MBA: Volume Index: Mortgage Loan Applications for Purchase (SA, Mar-16-90=100) "," MBA: Volume Index: Mortgage Loan Applications for Refinancing(SA, Mar-16-90=100) ",MBA: FRM 30-Year: Contract Interest Rate (%)
.FRQ,Weekly (Fri), Weekly (Fri) , Weekly (Fri) ,Weekly (Fri)
05.Jan.1990W,91.7,80.2,158.7,9.76
12.Jan.1990W,95.8,83.3,168.1,9.83
19.Jan.1990W,111.1,101.2,168.3,9.93
26.Jan.1990W,108.3,104.9,128.1,10.24
02.Feb.1990W,97.6,95.3,110.7,10.29
09.Feb.1990W,95.1,93.2,106.1,10.00
16.Feb.1990W,91.8,93.4,82.2,10.15
23.Feb.1990W,119.1,118.8,121.1,10.08
02.Mar.1990W,93.3,95.5,80.4,10.19
09.Mar.1990W,91.1,88.7,105.1,10.25
16.Mar.1990W,88.6,86.7,100.0,10.18
23.Mar.1990W,93.7,94.3,90.1,10.25
30.Mar.1990W,97.2,96.2,102.7,10.20
06.Apr.1990W,87.6,86.7,92.4,10.19
13.Apr.1990W,111.5,114.2,95.4,10.25
20.Apr.1990W,81.2,81.2,81.0,10.49
27.Apr.1990W,82.3,82.9,78.7,10.56
04.May.1990W,79.7,81.5,68.8,10.40
11.May.1990W,84.8,85.8,78.7,10.20
18.May.1990W,83.8,85.2,75.7,10.26
25.May.1990W,87.0,89.5,72.9,10.21
01.Jun.1990W,98.5,101.1,83.1,9.97
08.Jun.1990W,97.9,99.8,86.9,9.88
15.Jun.1990W,91.3,91.8,87.9,9.97
22.Jun.1990W,79.8,81.5,69.9,9.96
29.Jun.1990W,83.8,85.8,72.0,9.94
06.Jul.1990W,96.4,98.4,85.3,9.92
13.Jul.1990W,83.6,84.2,80.3,9.84
20.Jul.1990W,87.9,86.5,96.2,9.88
27.Jul.1990W,86.6,85.5,93.4,9.69
03.Aug.1990W,100.6,93.6,141.6,9.75
10.Aug.1990W,112.3,102.6,168.7,10.00
17.Aug.1990W,85.5,82.3,104.2,9.96
24.Aug.1990W,92.5,90.7,102.8,10.19
31.Aug.1990W,78.8,76.7,90.9,9.98
07.Sep.1990W,75.8,76.0,74.8,9.83
14.Sep.1990W,83.3,82.9,85.8,9.88
21.Sep.1990W,80.3,81.9,70.6,10.21
28.Sep.1990W,81.9,81.0,86.9,10.19
05.Oct.1990W,82.4,81.3,88.7,9.98
12.Oct.1990W,84.3,83.6,88.8,10.22
19.Oct.1990W,64.2,63.4,69.1,10.18
26.Oct.1990W,72.2,71.5,76.3,9.98
02.Nov.1990W,79.8,79.8,79.8,9.96
09.Nov.1990W,82.2,82.0,83.7,9.95
16.Nov.1990W,81.9,79.6,95.2,9.84
23.Nov.1990W,78.2,75.5,93.6,9.75
30.Nov.1990W,94.3,92.3,106.1,9.80
07.Dec.1990W,94.9,88.7,130.9,9.50
14.Dec.1990W,102.9,92.9,161.1,9.47
21.Dec.1990W,91.1,80.5,152.9,9.50
28.Dec.1990W,68.0,53.5,152.7,9.57
04.Jan.1991W,91.6,67.2,233.8,9.47
11.Jan.1991W,128.0,108.0,244.8,9.74
18.Jan.1991W,107.1,92.4,192.6,9.69
25.Jan.1991W,95.0,81.9,171.1,9.46
01.Feb.1991W,91.1,77.8,168.9,9.38
08.Feb.1991W,102.7,84.4,208.9,9.27
15.Feb.1991W,112.3,92.0,230.5,9.18
22.Feb.1991W,179.3,141.0,401.9,9.23
01.Mar.1991W,145.5,108.0,363.7,9.62
08.Mar.1991W,141.8,96.1,407.3,9.21
15.Mar.1991W,147.3,103.3,403.3,9.48
22.Mar.1991W,148.3,118.4,322.0,9.53
29.Mar.1991W,165.2,147.2,270.0,9.48
05.Apr.1991W,132.6,105.5,290.2,9.41
12.Apr.1991W,136.0,112.4,272.8,9.50
19.Apr.1991W,125.1,113.2,194.7,9.55
26.Apr.1991W,127.2,116.9,187.4,9.50
03.May.1991W,116.7,106.7,175.0,9.48
10.May.1991W,127.1,113.3,207.3,9.52
17.May.1991W,130.1,117.7,202.5,9.52
24.May.1991W,127.7,119.8,173.4,9.49
31.May.1991W,141.2,129.1,211.8,9.40
07.Jun.1991W,136.8,128.2,186.8,9.67
14.Jun.1991W,119.6,109.7,177.1,9.64
21.Jun.1991W,115.3,107.1,163.0,9.66
28.Jun.1991W,115.8,110.5,146.8,9.64
05.Jul.1991W,125.6,121.6,148.6,9.66
12.Jul.1991W,116.3,111.9,141.8,9.55
19.Jul.1991W,138.7,130.2,188.3,9.56
26.Jul.1991W,108.7,103.8,137.1,9.42
02.Aug.1991W,111.4,105.2,147.0,9.32
09.Aug.1991W,114.6,101.7,189.8,9.24
16.Aug.1991W,119.6,100.3,232.1,9.17
23.Aug.1991W,141.8,108.5,335.1,9.17
30.Aug.1991W,136.8,110.6,289.2,9.17
06.Sep.1991W,129.4,104.8,272.9,9.09
13.Sep.1991W,140.2,109.1,321.1,8.95
20.Sep.1991W,146.4,102.7,400.6,8.81
27.Sep.1991W,159.2,111.0,439.4,8.85
04.Oct.1991W,164.4,104.7,511.8,8.77
11.Oct.1991W,182.2,126.4,506.3,8.72
18.Oct.1991W,180.6,108.2,601.3,8.75
25.Oct.1991W,184.3,109.6,618.7,8.84
01.Nov.1991W,165.6,99.2,551.8,8.71
08.Nov.1991W,173.9,106.3,567.1,8.59
15.Nov.1991W,215.8,113.9,808.7,8.63
22.Nov.1991W,226.2,106.1,924.9,8.61
29.Nov.1991W,184.9,92.0,725.0,8.61
06.Dec.1991W,191.1,107.7,676.6,8.48
13.Dec.1991W,209.9,115.1,761.6,8.42
20.Dec.1991W,177.6,99.4,632.6,8.12
27.Dec.1991W,196.5,78.8,881.2,8.16
03.Jan.1992W,281.9,92.8,1381.3,8.13
10.Jan.1992W,323.5,122.2,1494.4,8.13
17.Jan.1992W,384.1,148.9,1752.0,8.38
24.Jan.1992W,324.7,144.4,1373.0,8.63
31.Jan.1992W,286.4,155.9,1045.5,8.63
07.Feb.1992W,254.7,143.6,900.9,8.50
14.Feb.1992W,218.7,138.4,685.9,8.75
21.Feb.1992W,234.5,132.6,826.8,8.63
28.Feb.1992W,192.0,102.9,710.3,8.50
06.Mar.1992W,190.3,115.2,627.0,8.76
13.Mar.1992W,173.5,118.8,491.4,8.80
20.Mar.1992W,154.5,111.8,402.7,8.89
27.Mar.1992W,154.9,117.9,370.3,8.94
03.Apr.1992W,147.3,104.1,398.4,8.61
10.Apr.1992W,145.9,109.6,357.2,8.60
17.Apr.1992W,177.0,146.6,353.9,8.76
24.Apr.1992W,140.3,111.5,308.2,8.80
01.May.1992W,136.5,110.9,285.7,8.76
08.May.1992W,137.3,112.2,283.3,8.63
15.May.1992W,147.1,112.0,351.4,8.50
22.May.1992W,153.9,116.3,372.4,8.65
29.May.1992W,166.5,136.9,339.1,8.52
05.Jun.1992W,150.5,117.3,343.4,8.57
12.Jun.1992W,154.5,118.4,364.4,8.48
19.Jun.1992W,160.6,117.6,410.9,8.41
26.Jun.1992W,151.1,114.9,361.6,8.26
03.Jul.1992W,183.4,128.8,501.1,8.04
10.Jul.1992W,247.0,114.5,1017.8,8.06
17.Jul.1992W,310.0,147.6,1254.7,8.01
24.Jul.1992W,315.1,143.6,1313.2,7.96
31.Jul.1992W,303.3,157.7,1149.6,8.05
07.Aug.1992W,249.0,130.0,941.1,7.90
14.Aug.1992W,276.1,142.4,1053.7,7.83
21.Aug.1992W,282.3,152.4,1037.8,7.86
28.Aug.1992W,284.1,146.2,1086.0,7.94
04.Sep.1992W,267.5,140.9,1003.5,7.69
11.Sep.1992W,313.1,169.5,1148.4,7.73
18.Sep.1992W,288.5,150.3,1091.9,7.91
25.Sep.1992W,265.1,128.0,1062.8,7.87
02.Oct.1992W,255.4,132.2,972.3,7.83
09.Oct.1992W,250.8,131.2,945.9,7.96
16.Oct.1992W,232.3,134.3,802.2,8.02
23.Oct.1992W,242.3,148.6,787.1,8.31
30.Oct.1992W,242.7,148.1,793.0,8.27
06.Nov.1992W,234.0,163.9,642.3,8.32
13.Nov.1992W,184.3,138.8,449.2,8.33
20.Nov.1992W,184.9,147.2,404.3,8.27
27.Nov.1992W,137.6,102.8,340.2,8.29
04.Dec.1992W,168.4,136.1,356.2,8.15
11.Dec.1992W,179.4,152.0,338.5,8.18
18.Dec.1992W,154.1,132.1,281.8,8.08
25.Dec.1992W,161.3,120.7,397.5,8.07
01.Jan.1993W,265.8,176.0,788.0,8.05
08.Jan.1993W,158.1,120.2,378.9,8.03
15.Jan.1993W,168.6,124.9,422.9,7.90
22.Jan.1993W,175.6,125.0,470.2,7.86
29.Jan.1993W,205.9,143.9,566.6,7.74
05.Feb.1993W,205.6,140.7,583.0,7.69
12.Feb.1993W,242.6,141.5,830.4,7.64
19.Feb.1993W,321.6,194.6,1060.1,7.48
26.Feb.1993W,297.1,139.3,1215.2,7.39
05.Mar.1993W,321.6,145.2,1348.0,7.44
12.Mar.1993W,361.4,147.7,1604.2,7.50
19.Mar.1993W,327.4,145.6,1385.4,7.42
26.Mar.1993W,328.4,162.9,1291.0,7.50
02.Apr.1993W,308.5,161.4,1164.2,7.54
09.Apr.1993W,350.5,192.3,1270.3,7.36
16.Apr.1993W,303.7,156.3,1161.0,7.36
23.Apr.1993W,299.4,155.9,1134.5,7.35
30.Apr.1993W,305.5,167.6,1107.5,7.42
07.May.1993W,264.9,143.1,973.4,7.36
14.May.1993W,275.0,151.4,994.0,7.37
21.May.1993W,258.9,149.4,895.7,7.49
28.May.1993W,247.6,156.8,775.7,7.45
04.Jun.1993W,262.6,171.6,791.9,7.44
11.Jun.1993W,246.3,154.2,782.0,7.32
18.Jun.1993W,258.0,158.7,835.3,7.30
25.Jun.1993W,239.3,146.9,776.6,7.13
02.Jul.1993W,274.7,163.2,922.8,7.09
09.Jul.1993W,318.0,175.4,1147.9,7.06
16.Jul.1993W,301.4,157.1,1141.0,7.02
23.Jul.1993W,354.6,179.9,1370.5,7.22
30.Jul.1993W,308.7,155.3,1200.5,7.13
06.Aug.1993W,300.5,154.2,1151.8,7.08
13.Aug.1993W,296.6,151.1,1142.6,6.98
20.Aug.1993W,297.4,146.7,1174.2,6.83
27.Aug.1993W,332.6,154.4,1369.2,6.82
03.Sep.1993W,378.8,173.2,1574.4,6.70
10.Sep.1993W,423.7,180.6,1837.9,6.78
17.Sep.1993W,422.1,186.0,1795.8,6.81
24.Sep.1993W,386.6,168.2,1657.1,6.75
01.Oct.1993W,381.0,164.3,1641.6,6.73
08.Oct.1993W,353.5,158.2,1489.1,6.65
15.Oct.1993W,372.1,170.4,1545.3,6.59
22.Oct.1993W,349.2,167.0,1408.8,6.68
29.Oct.1993W,333.7,160.0,1344.2,6.88
05.Nov.1993W,328.6,170.9,1246.0,7.05
12.Nov.1993W,315.0,167.3,1174.0,7.04
19.Nov.1993W,309.8,181.1,1058.5,7.21
26.Nov.1993W,229.1,129.6,807.5,7.08
03.Dec.1993W,256.9,173.0,745.0,7.17
10.Dec.1993W,254.3,174.2,719.9,7.16
17.Dec.1993W,220.5,160.4,570.3,7.20
24.Dec.1993W,171.6,111.9,518.9,7.13
31.Dec.1993W,226.5,137.5,744.0,7.21
07.Jan.1994W,194.6,111.9,675.8,7.01
14.Jan.1994W,239.8,154.1,738.2,7.05
21.Jan.1994W,204.4,129.8,638.2,6.98
28.Jan.1994W,231.8,143.3,746.7,6.92
04.Feb.1994W,300.7,156.7,1138.5,7.17
11.Feb.1994W,251.4,135.1,928.1,7.07
18.Feb.1994W,228.1,141.0,734.5,7.37
25.Feb.1994W,282.3,187.4,834.1,7.48
04.Mar.1994W,228.4,154.9,655.5,7.63
11.Mar.1994W,204.1,145.6,544.1,7.78
18.Mar.1994W,186.9,142.3,446.7,7.79
25.Mar.1994W,207.6,160.6,481.2,7.97
01.Apr.1994W,237.9,204.9,429.8,8.30
08.Apr.1994W,163.4,146.2,263.6,8.27
15.Apr.1994W,158.0,144.8,234.2,8.42
22.Apr.1994W,172.8,158.2,257.6,8.35
29.Apr.1994W,159.6,151.3,207.8,8.46
06.May.1994W,150.2,145.5,177.7,8.74
13.May.1994W,148.5,143.7,176.4,8.72
20.May.1994W,157.8,154.8,175.5,8.46
27.May.1994W,141.7,139.6,153.9,8.52
03.Jun.1994W,145.8,147.8,134.4,8.33
10.Jun.1994W,147.4,148.7,139.8,8.28
17.Jun.1994W,145.2,143.8,153.3,8.39
24.Jun.1994W,139.4,140.4,133.6,8.54
01.Jul.1994W,145.7,147.2,137.2,8.70
08.Jul.1994W,144.7,150.2,112.5,8.71
15.Jul.1994W,133.4,136.9,112.6,8.62
22.Jul.1994W,141.9,146.2,116.8,8.61
29.Jul.1994W,137.0,139.9,120.0,8.48
05.Aug.1994W,145.3,147.1,135.0,8.57
12.Aug.1994W,137.8,139.0,130.9,8.83
19.Aug.1994W,148.2,150.5,134.4,8.59
26.Aug.1994W,128.1,130.4,114.7,8.53
02.Sep.1994W,134.4,137.2,118.5,8.54
09.Sep.1994W,135.4,139.6,110.5,8.71
16.Sep.1994W,130.9,134.7,108.3,8.81
23.Sep.1994W,132.3,136.8,105.9,8.86
30.Sep.1994W,137.9,142.1,113.2,8.91
07.Oct.1994W,138.6,142.0,118.6,9.11
14.Oct.1994W,129.3,133.3,105.6,8.85
21.Oct.1994W,131.6,134.1,117.4,8.97
28.Oct.1994W,127.7,131.7,104.5,9.05
04.Nov.1994W,132.8,136.8,109.5,9.19
11.Nov.1994W,129.5,133.4,106.3,9.16
18.Nov.1994W,161.2,167.5,124.4,9.29
25.Nov.1994W,99.8,105.0,69.9,9.12
02.Dec.1994W,131.1,139.7,81.2,9.13
09.Dec.1994W,131.4,140.6,77.9,9.19
16.Dec.1994W,124.9,133.9,72.5,9.11
23.Dec.1994W,104.8,112.7,59.0,9.01
30.Dec.1994W,93.4,95.7,80.3,9.34
06.Jan.1995W,118.8,125.3,81.0,9.09
13.Jan.1995W,117.5,124.9,74.4,8.97
20.Jan.1995W,123.5,130.4,83.3,9.08
27.Jan.1995W,129.8,138.0,82.4,9.01
03.Feb.1995W,147.9,154.1,111.6,8.83
10.Feb.1995W,120.7,125.3,93.6,8.88
17.Feb.1995W,110.2,113.9,88.8,8.74
24.Feb.1995W,154.5,163.4,103.1,8.62
03.Mar.1995W,128.6,134.2,95.6,8.65
10.Mar.1995W,129.2,135.2,94.4,8.54
17.Mar.1995W,137.8,143.2,106.0,8.42
24.Mar.1995W,134.5,138.7,109.8,8.52
31.Mar.1995W,141.1,146.0,113.0,8.58
07.Apr.1995W,132.1,136.8,105.0,8.50
14.Apr.1995W,171.1,177.9,131.4,8.34
21.Apr.1995W,136.1,138.7,120.5,8.29
28.Apr.1995W,142.9,146.7,120.9,8.38
05.May.1995W,143.8,145.7,132.2,8.02
12.May.1995W,183.4,173.8,239.1,7.98
19.May.1995W,167.0,153.9,243.4,7.99
26.May.1995W,164.2,151.2,239.9,7.78
02.Jun.1995W,204.9,183.2,331.1,7.51
09.Jun.1995W,228.2,184.6,481.6,7.63
16.Jun.1995W,206.4,169.8,418.9,7.70
23.Jun.1995W,190.5,157.8,381.3,7.53
30.Jun.1995W,200.8,165.8,404.3,7.70
07.Jul.1995W,175.6,153.2,305.9,7.52
14.Jul.1995W,226.1,174.8,524.3,7.57
21.Jul.1995W,215.1,165.5,504.0,7.86
28.Jul.1995W,188.2,153.4,390.6,7.86
04.Aug.1995W,184.5,156.7,346.3,7.92
11.Aug.1995W,181.0,155.6,328.7,7.95
18.Aug.1995W,170.6,151.3,283.0,7.97
25.Aug.1995W,174.6,153.8,295.9,7.85
01.Sep.1995W,215.3,185.8,387.0,7.74
08.Sep.1995W,227.9,190.7,444.2,7.66
15.Sep.1995W,222.9,184.6,445.4,7.62
22.Sep.1995W,241.3,202.1,468.9,7.77
29.Sep.1995W,211.4,180.3,392.8,7.73
06.Oct.1995W,221.4,180.7,458.2,7.60
13.Oct.1995W,228.3,184.6,482.7,7.48
20.Oct.1995W,245.8,193.7,549.0,7.51
27.Oct.1995W,241.5,188.9,547.5,7.59
03.Nov.1995W,237.9,183.7,553.0,7.47
10.Nov.1995W,272.2,199.1,697.4,7.47
17.Nov.1995W,257.5,197.7,604.9,7.45
24.Nov.1995W,231.5,173.0,571.6,7.48
01.Dec.1995W,246.1,198.6,522.3,7.32
08.Dec.1995W,280.4,213.9,667.0,7.22
15.Dec.1995W,256.4,190.0,642.5,7.23
22.Dec.1995W,297.5,218.3,758.6,7.21
29.Dec.1995W,277.3,202.6,711.7,7.12
05.Jan.1996W,255.2,170.4,748.2,7.14
12.Jan.1996W,261.2,165.8,816.1,7.19
19.Jan.1996W,284.4,180.9,886.6,7.10
26.Jan.1996W,323.7,189.8,1102.4,7.20
02.Feb.1996W,290.2,163.3,1028.4,7.07
09.Feb.1996W,291.5,157.4,1071.4,7.13
16.Feb.1996W,322.5,173.0,1192.4,7.24
23.Feb.1996W,336.2,199.9,1129.0,7.40
01.Mar.1996W,305.7,181.3,1029.5,7.48
08.Mar.1996W,252.4,173.4,712.4,7.82
15.Mar.1996W,233.4,176.4,564.7,7.91
22.Mar.1996W,208.6,164.9,462.9,7.86
29.Mar.1996W,257.2,200.5,586.6,7.89
05.Apr.1996W,233.4,195.1,456.6,8.04
12.Apr.1996W,191.7,166.7,336.9,8.07
19.Apr.1996W,193.7,172.4,317.6,8.02
26.Apr.1996W,195.1,175.2,311.1,8.04
03.May.1996W,230.0,209.6,348.2,8.28
10.May.1996W,182.1,172.0,241.0,8.18
17.May.1996W,182.8,175.5,225.2,8.11
24.May.1996W,188.0,178.4,243.9,8.13
31.May.1996W,223.8,210.2,302.6,8.28
07.Jun.1996W,190.1,183.9,226.1,8.32
14.Jun.1996W,183.1,181.4,192.5,8.35
21.Jun.1996W,182.1,175.5,220.0,8.33
28.Jun.1996W,198.0,193.9,221.7,8.24
05.Jul.1996W,200.2,197.6,215.2,8.30
12.Jul.1996W,169.8,167.0,186.1,8.34
19.Jul.1996W,190.6,184.8,224.3,8.23
26.Jul.1996W,183.3,176.6,222.3,8.27
02.Aug.1996W,196.9,189.9,237.5,8.02
09.Aug.1996W,192.7,176.3,287.8,7.94
16.Aug.1996W,192.6,177.6,279.9,8.01
23.Aug.1996W,186.1,172.8,262.9,8.08
30.Aug.1996W,206.7,193.5,283.6,8.25
06.Sep.1996W,194.5,188.9,226.8,8.33
13.Sep.1996W,190.3,179.9,250.8,8.21
20.Sep.1996W,202.8,192.4,263.3,8.20
27.Sep.1996W,197.1,184.3,271.4,8.08
04.Oct.1996W,195.6,182.4,272.3,7.94
11.Oct.1996W,209.0,189.1,324.8,7.96
18.Oct.1996W,199.3,179.2,316.4,7.95
25.Oct.1996W,197.7,178.4,309.4,7.96
01.Nov.1996W,216.6,189.7,372.9,7.79
08.Nov.1996W,227.0,194.2,417.9,7.74
15.Nov.1996W,232.9,196.3,445.7,7.68
22.Nov.1996W,236.9,198.7,459.5,7.65
29.Nov.1996W,231.1,193.5,449.5,7.62
06.Dec.1996W,276.7,219.2,610.7,7.67
13.Dec.1996W,244.4,204.7,475.4,7.78
20.Dec.1996W,206.5,180.0,360.4,7.72
27.Dec.1996W,173.8,156.8,272.8,7.68
03.Jan.1997W,231.6,206.9,375.5,7.83
10.Jan.1997W,199.6,178.3,323.6,7.95
17.Jan.1997W,198.5,180.0,305.8,7.90
24.Jan.1997W,203.3,179.6,341.6,7.96
31.Jan.1997W,200.3,176.6,338.4,7.89
07.Feb.1997W,207.3,177.8,379.2,7.78
14.Feb.1997W,201.6,167.3,401.5,7.71
21.Feb.1997W,256.8,205.3,556.0,7.72
28.Feb.1997W,226.7,186.4,460.9,7.93
07.Mar.1997W,208.6,176.0,398.7,7.91
14.Mar.1997W,222.3,189.0,416.2,7.98
21.Mar.1997W,226.4,197.2,396.7,8.03
28.Mar.1997W,298.5,257.3,538.4,8.18
04.Apr.1997W,191.4,174.0,292.3,8.15
11.Apr.1997W,192.3,176.3,285.1,8.19
18.Apr.1997W,196.0,181.2,282.3,8.10
25.Apr.1997W,200.3,187.7,273.2,8.20
02.May.1997W,204.1,189.4,289.8,8.04
09.May.1997W,219.5,205.1,303.4,7.98
16.May.1997W,212.6,192.0,332.5,7.99
23.May.1997W,210.8,191.1,325.1,7.98
30.May.1997W,203.1,187.2,295.6,7.99
06.Jun.1997W,223.4,206.4,322.4,7.82
13.Jun.1997W,234.4,210.1,375.7,7.75
20.Jun.1997W,234.4,206.5,396.5,7.69
27.Jun.1997W,239.5,208.0,422.4,7.75
04.Jul.1997W,246.0,218.6,405.4,7.61
11.Jul.1997W,254.6,212.9,497.3,7.60
18.Jul.1997W,257.4,208.4,542.8,7.56
25.Jul.1997W,263.1,205.9,595.9,7.51
01.Aug.1997W,281.8,211.7,689.3,7.52
08.Aug.1997W,293.6,220.5,718.8,7.62
15.Aug.1997W,265.4,211.8,577.2,7.57
22.Aug.1997W,268.7,219.8,552.9,7.65
29.Aug.1997W,245.7,205.8,477.8,7.61
05.Sep.1997W,258.9,214.7,516.3,7.54
12.Sep.1997W,256.0,214.3,498.5,7.52
19.Sep.1997W,296.6,227.3,699.6,7.38
26.Sep.1997W,286.6,217.0,691.5,7.40
03.Oct.1997W,294.5,220.0,728.2,7.20
10.Oct.1997W,324.2,234.6,845.5,7.43
17.Oct.1997W,280.5,207.8,703.0,7.43
24.Oct.1997W,274.5,204.3,683.1,7.36
31.Oct.1997W,348.3,233.9,1013.4,7.26
07.Nov.1997W,290.5,202.1,805.0,7.28
14.Nov.1997W,317.3,227.0,842.4,7.25
21.Nov.1997W,305.6,224.1,779.4,7.27
28.Nov.1997W,331.6,246.1,828.7,7.24
05.Dec.1997W,316.3,235.7,785.1,7.23
12.Dec.1997W,321.8,234.9,827.3,7.10
19.Dec.1997W,310.6,217.8,850.0,7.07
26.Dec.1997W,299.7,223.1,745.0,7.12
02.Jan.1998W,342.4,234.1,972.7,7.02
09.Jan.1998W,497.3,266.0,1842.5,6.82
16.Jan.1998W,699.1,283.6,3115.8,6.95
23.Jan.1998W,721.2,313.4,3093.3,7.09
30.Jan.1998W,515.6,253.8,2038.6,6.98
06.Feb.1998W,510.4,249.4,2028.7,7.05
13.Feb.1998W,437.2,222.5,1686.4,6.93
20.Feb.1998W,508.2,250.8,2005.6,6.97
27.Feb.1998W,409.3,217.3,1526.1,7.09
06.Mar.1998W,392.3,225.4,1363.1,7.13
13.Mar.1998W,381.6,217.2,1337.9,6.97
20.Mar.1998W,408.3,234.1,1421.4,7.00
27.Mar.1998W,379.9,222.2,1297.1,7.09
03.Apr.1998W,389.3,248.8,1206.3,6.89
10.Apr.1998W,492.2,287.3,1684.2,6.99
17.Apr.1998W,353.4,227.3,1087.0,6.97
24.Apr.1998W,375.7,241.4,1157.0,7.07
01.May.1998W,435.6,282.5,1326.5,7.11
08.May.1998W,428.5,279.2,1297.0,7.09
15.May.1998W,384.5,254.8,1138.7,7.07
22.May.1998W,365.6,248.1,1049.0,7.02
29.May.1998W,393.9,259.8,1174.3,6.99
05.Jun.1998W,396.6,272.1,1120.7,7.03
12.Jun.1998W,401.1,262.1,1209.6,6.88
19.Jun.1998W,440.6,274.6,1406.2,6.95
26.Jun.1998W,382.2,241.3,1202.0,6.97
03.Jul.1998W,460.1,286.4,1470.6,6.85
10.Jul.1998W,415.5,262.5,1305.5,6.94
17.Jul.1998W,407.2,255.0,1292.2,6.92
24.Jul.1998W,409.0,252.4,1320.2,6.91
31.Jul.1998W,407.0,257.2,1278.8,6.93
07.Aug.1998W,406.8,254.7,1291.9,6.87
14.Aug.1998W,406.7,251.4,1310.5,6.89
21.Aug.1998W,385.2,243.1,1211.9,6.86
28.Aug.1998W,425.2,269.4,1331.5,6.72
04.Sep.1998W,542.6,305.1,1924.0,6.64
11.Sep.1998W,572.3,302.5,2141.9,6.55
18.Sep.1998W,570.5,278.3,2269.9,6.55
25.Sep.1998W,635.5,283.6,2682.7,6.51
02.Oct.1998W,759.7,304.0,3410.5,6.36
09.Oct.1998W,936.7,343.1,4389.1,6.96
16.Oct.1998W,621.1,296.9,2507.0,6.60
23.Oct.1998W,662.6,299.6,2774.3,6.81
30.Oct.1998W,578.8,249.3,2495.7,6.73
06.Nov.1998W,540.5,291.9,1987.0,6.87
13.Nov.1998W,505.2,295.8,1723.0,6.86
20.Nov.1998W,487.5,259.3,1814.8,6.73
27.Nov.1998W,556.7,293.8,2086.3,6.75
04.Dec.1998W,557.2,299.6,2055.1,6.71
11.Dec.1998W,512.2,277.2,1879.1,6.69
18.Dec.1998W,459.3,268.5,1569.0,6.64
25.Dec.1998W,450.2,279.8,1441.3,6.86
01.Jan.1999W,427.9,249.0,1468.5,6.72
08.Jan.1999W,436.6,254.8,1494.2,6.90
15.Jan.1999W,475.7,276.4,1634.4,6.81
22.Jan.1999W,468.1,278.3,1572.2,6.73
29.Jan.1999W,488.4,272.9,1741.7,6.75
05.Feb.1999W,458.9,253.5,1654.0,6.86
12.Feb.1999W,404.3,232.9,1401.4,6.87
19.Feb.1999W,392.0,231.7,1324.2,6.89
26.Feb.1999W,452.1,269.8,1512.8,7.08
05.Mar.1999W,403.8,259.8,1241.3,7.09
12.Mar.1999W,379.4,246.4,1153.3,6.97
19.Mar.1999W,416.8,259.4,1332.6,6.96
26.Mar.1999W,397.3,263.2,1177.2,6.98
02.Apr.1999W,388.8,269.0,1086.2,6.96
09.Apr.1999W,391.0,251.2,1203.9,6.87
16.Apr.1999W,415.5,288.2,1155.7,6.87
23.Apr.1999W,398.4,278.9,1093.4,6.97
30.Apr.1999W,410.8,298.7,1062.9,6.98
07.May.1999W,399.5,289.0,1042.1,7.07
14.May.1999W,358.5,271.1,867.1,7.17
21.May.1999W,372.0,292.9,832.2,7.27
28.May.1999W,381.3,300.1,853.7,7.41
04.Jun.1999W,371.9,305.5,758.5,7.57
11.Jun.1999W,382.3,327.2,702.7,7.75
18.Jun.1999W,350.7,301.6,636.1,7.59
25.Jun.1999W,349.3,304.1,612.2,7.81
02.Jul.1999W,357.6,317.9,588.4,7.65
09.Jul.1999W,310.5,274.1,522.0,7.64
16.Jul.1999W,310.3,276.3,508.3,7.61
23.Jul.1999W,300.3,267.6,490.8,7.86
30.Jul.1999W,317.6,293.4,458.1,7.95
06.Aug.1999W,304.6,277.5,462.3,8.18
13.Aug.1999W,297.8,271.8,449.2,7.96
20.Aug.1999W,295.8,271.0,440.4,7.92
27.Aug.1999W,314.0,289.1,459.1,7.93
03.Sep.1999W,274.9,254.1,395.9,7.99
10.Sep.1999W,295.6,278.7,394.1,7.90
17.Sep.1999W,285.8,266.4,398.7,7.78
24.Sep.1999W,279.0,260.2,388.4,7.75
01.Oct.1999W,307.3,288.8,414.6,7.86
08.Oct.1999W,284.6,262.7,412.2,7.86
15.Oct.1999W,294.8,277.3,396.3,8.04
22.Oct.1999W,274.2,255.4,383.2,8.06
29.Oct.1999W,298.0,277.7,415.9,7.92
05.Nov.1999W,294.5,268.8,443.7,7.72
12.Nov.1999W,319.7,298.5,443.1,7.72
19.Nov.1999W,340.0,315.7,481.8,7.76
26.Nov.1999W,316.4,298.9,418.0,7.88
03.Dec.1999W,302.4,287.9,386.4,7.92
10.Dec.1999W,300.8,285.8,388.1,7.78
17.Dec.1999W,294.5,284.3,354.1,8.06
24.Dec.1999W,265.7,253.3,338.1,8.02
31.Dec.1999W,247.5,238.0,302.9,8.08
07.Jan.2000W,268.7,254.6,350.8,8.24
14.Jan.2000W,306.4,292.0,390.5,8.29
21.Jan.2000W,304.8,286.1,413.6,8.34
28.Jan.2000W,306.1,292.6,384.4,8.35
04.Feb.2000W,326.1,307.1,436.7,8.39
11.Feb.2000W,285.8,270.8,373.1,8.40
18.Feb.2000W,273.1,262.4,335.6,8.42
25.Feb.2000W,288.4,278.4,346.6,8.23
03.Mar.2000W,304.3,291.7,377.5,8.25
10.Mar.2000W,300.6,290.0,361.8,8.31
17.Mar.2000W,301.3,293.5,346.2,8.23
24.Mar.2000W,323.1,312.2,386.6,8.26
31.Mar.2000W,300.4,293.5,340.6,8.27
07.Apr.2000W,323.6,316.6,364.2,8.22
14.Apr.2000W,308.8,300.8,354.8,8.11
21.Apr.2000W,308.5,302.8,341.9,8.15
28.Apr.2000W,304.8,299.4,336.2,8.35
05.May.2000W,323.7,322.4,331.3,8.54
12.May.2000W,301.7,296.6,330.9,8.66
19.May.2000W,312.1,309.6,326.2,8.62
26.May.2000W,286.8,286.5,288.8,8.46
02.Jun.2000W,332.5,335.0,318.1,8.23
09.Jun.2000W,312.4,309.5,329.4,8.30
16.Jun.2000W,309.2,305.7,329.3,8.19
23.Jun.2000W,307.8,305.8,319.2,8.33
30.Jun.2000W,321.1,318.1,338.5,8.25
07.Jul.2000W,303.5,298.0,335.4,8.17
14.Jul.2000W,337.2,331.2,371.9,8.23
21.Jul.2000W,319.9,313.1,359.6,8.18
28.Jul.2000W,312.4,306.6,346.0,8.21
04.Aug.2000W,332.2,327.4,360.1,8.04
11.Aug.2000W,326.5,313.3,403.3,7.86
18.Aug.2000W,307.5,294.4,383.6,8.04
25.Aug.2000W,312.8,298.6,395.0,7.91
01.Sep.2000W,321.6,307.4,404.5,7.85
08.Sep.2000W,343.2,324.4,452.9,7.97
15.Sep.2000W,336.7,318.8,440.7,7.90
22.Sep.2000W,328.9,307.9,451.3,7.83
29.Sep.2000W,342.5,320.4,470.6,7.80
06.Oct.2000W,328.1,302.8,475.0,7.87
13.Oct.2000W,338.6,311.1,498.6,7.79
20.Oct.2000W,341.0,298.7,587.2,7.58
27.Oct.2000W,356.0,304.6,654.6,7.70
03.Nov.2000W,360.5,310.5,651.2,7.76
10.Nov.2000W,380.4,327.1,690.4,7.72
17.Nov.2000W,350.4,307.0,602.7,7.61
24.Nov.2000W,346.5,307.0,576.4,7.60
01.Dec.2000W,382.3,333.8,663.9,7.47
08.Dec.2000W,404.8,344.0,758.4,7.37
15.Dec.2000W,371.9,302.2,777.2,7.18
22.Dec.2000W,353.8,278.2,794.1,7.09
29.Dec.2000W,298.3,218.7,761.5,7.14
05.Jan.2001W,480.5,292.8,1572.1,6.79
12.Jan.2001W,694.9,332.9,2800.6,7.04
19.Jan.2001W,595.3,332.6,2123.3,7.04
26.Jan.2001W,546.6,298.1,1992.1,7.03
02.Feb.2001W,649.1,311.5,2612.5,6.91
09.Feb.2001W,625.3,277.6,2647.7,6.90
16.Feb.2001W,578.2,274.3,2346.1,7.09
23.Feb.2001W,562.6,291.4,2140.4,7.04
02.Mar.2001W,647.8,321.9,2543.6,6.97
09.Mar.2001W,579.6,289.9,2264.8,6.90
16.Mar.2001W,557.0,299.8,2053.0,6.82
23.Mar.2001W,659.9,291.6,2802.5,6.84
30.Mar.2001W,650.8,294.0,2726.1,6.99
06.Apr.2001W,616.0,304.6,2427.2,6.90
13.Apr.2001W,572.7,295.9,2182.8,7.15
20.Apr.2001W,534.7,290.5,1954.9,7.07
27.Apr.2001W,587.6,309.8,2203.7,7.18
04.May.2001W,558.9,316.3,1970.0,7.01
11.May.2001W,560.4,321.9,1948.1,7.20
18.May.2001W,475.4,291.2,1546.8,7.16
25.May.2001W,495.9,302.2,1622.5,7.29
01.Jun.2001W,521.5,344.1,1553.6,7.16
08.Jun.2001W,553.3,342.9,1776.9,7.12
15.Jun.2001W,510.3,324.2,1593.1,7.09
22.Jun.2001W,482.5,307.9,1497.8,7.01
29.Jun.2001W,486.3,308.3,1521.6,7.27
06.Jul.2001W,432.4,300.4,1200.0,7.17
13.Jul.2001W,468.4,310.4,1387.4,7.09
20.Jul.2001W,509.2,324.9,1581.4,6.99
27.Jul.2001W,507.2,312.0,1643.0,6.96
03.Aug.2001W,525.3,318.2,1730.1,7.00
10.Aug.2001W,508.4,300.7,1716.0,6.87
17.Aug.2001W,509.8,293.2,1769.8,6.85
24.Aug.2001W,552.2,295.0,2048.4,6.83
31.Aug.2001W,617.8,317.4,2365.0,6.83
07.Sep.2001W,601.8,310.5,2295.9,6.73
14.Sep.2001W,533.3,282.4,1992.9,6.64
21.Sep.2001W,640.0,283.5,2713.9,6.63
28.Sep.2001W,771.1,308.8,3459.8,6.52
05.Oct.2001W,860.1,271.2,4285.7,6.49
12.Oct.2001W,1015.4,286.9,5252.6,6.61
19.Oct.2001W,897.3,264.1,4580.3,6.59
26.Oct.2001W,843.5,265.9,4203.5,6.47
02.Nov.2001W,1037.9,318.4,5223.2,6.40
09.Nov.2001W,1055.5,285.4,5534.5,6.37
16.Nov.2001W,985.8,296.0,4998.3,6.84
23.Nov.2001W,905.1,324.3,4283.6,6.98
30.Nov.2001W,745.5,350.9,3040.7,6.83
07.Dec.2001W,693.2,342.7,2731.6,7.11
14.Dec.2001W,562.4,320.6,1968.8,7.23
21.Dec.2001W,535.2,302.9,1886.5,7.13
28.Dec.2001W,439.2,293.8,1284.8,7.12
04.Jan.2002W,570.7,375.9,1703.7,7.04
11.Jan.2002W,581.7,348.6,1937.6,6.69
18.Jan.2002W,723.4,371.8,2768.3,6.92
25.Jan.2002W,538.9,328.5,1762.9,7.04
01.Feb.2002W,567.3,340.9,1884.2,6.85
08.Feb.2002W,581.7,314.7,2134.9,6.81
15.Feb.2002W,530.5,290.2,1927.9,6.78
22.Feb.2002W,551.1,315.5,1921.6,6.74
01.Mar.2002W,631.2,335.4,2351.7,6.81
08.Mar.2002W,530.0,314.6,1783.0,7.08
15.Mar.2002W,471.6,310.9,1406.3,7.11
22.Mar.2002W,494.8,330.4,1450.6,7.14
29.Mar.2002W,485.3,349.9,1272.3,7.14
05.Apr.2002W,462.0,332.8,1213.5,6.96
12.Apr.2002W,470.6,337.3,1246.1,6.92
19.Apr.2002W,493.8,351.6,1320.6,6.84
26.Apr.2002W,539.3,368.4,1533.5,6.82
03.May.2002W,583.2,382.7,1749.9,6.66
10.May.2002W,532.5,356.5,1556.2,6.76
17.May.2002W,502.9,344.3,1425.8,6.72
24.May.2002W,516.9,348.3,1497.5,6.70
31.May.2002W,587.4,414.0,1596.4,6.66
07.Jun.2002W,554.9,359.0,1693.8,6.65
14.Jun.2002W,565.5,359.3,1764.4,6.53
21.Jun.2002W,705.8,396.5,2504.8,6.45
28.Jun.2002W,708.7,377.9,2632.5,6.47
05.Jul.2002W,732.0,408.0,2616.6,6.46
12.Jul.2002W,722.2,377.1,2729.5,6.31
19.Jul.2002W,815.2,351.4,3512.4,6.26
26.Jul.2002W,1004.3,360.5,4748.8,6.32
02.Aug.2002W,1066.9,374.0,5097.3,6.17
09.Aug.2002W,1012.1,353.0,4845.8,6.13
16.Aug.2002W,1127.4,371.6,5523.6,6.18
23.Aug.2002W,1079.7,344.7,5355.4,6.16
30.Aug.2002W,1059.5,359.7,5129.6,5.99
06.Sep.2002W,1238.2,401.6,6104.3,6.10
13.Sep.2002W,1130.1,357.4,5625.0,5.90
20.Sep.2002W,1183.8,359.7,5977.2,5.85
27.Sep.2002W,1285.4,359.4,6671.4,5.84
04.Oct.2002W,1317.0,352.5,6926.9,5.87
11.Oct.2002W,1288.4,341.9,6793.8,5.96
18.Oct.2002W,1128.3,361.5,5588.7,6.21
25.Oct.2002W,911.0,338.6,4240.4,6.01
01.Nov.2002W,1030.5,369.5,4875.1,6.03
08.Nov.2002W,992.3,333.3,4825.6,5.74
15.Nov.2002W,1200.2,345.0,6174.1,5.94
22.Nov.2002W,1131.0,350.2,5672.3,6.00
29.Nov.2002W,939.0,386.6,4151.9,6.09
06.Dec.2002W,862.7,358.8,3793.8,5.95
13.Dec.2002W,985.5,379.9,4507.6,5.91
20.Dec.2002W,908.3,359.4,4101.0,5.74
27.Dec.2002W,950.9,332.4,4548.8,5.69
03.Jan.2003W,1182.3,376.2,5871.1,5.85
10.Jan.2003W,1154.3,358.0,5786.4,5.84
17.Jan.2003W,1100.3,355.3,5433.4,5.74
24.Jan.2003W,1171.2,365.5,5858.1,5.72
31.Jan.2003W,1141.4,371.1,5621.6,5.72
07.Feb.2003W,1083.1,328.8,5470.3,5.68
14.Feb.2003W,1082.8,334.1,5438.1,5.69
21.Feb.2003W,1142.3,309.0,5989.6,5.65
28.Feb.2003W,1265.4,345.9,6614.0,5.57
07.Mar.2003W,1603.1,345.0,8920.9,5.42
14.Mar.2003W,1673.4,347.3,9387.0,5.61
21.Mar.2003W,1520.9,383.7,8135.7,5.81
28.Mar.2003W,1262.5,364.7,6484.6,5.63
04.Apr.2003W,1246.1,400.8,6162.8,5.80
11.Apr.2003W,1134.6,376.1,5546.7,5.70
18.Apr.2003W,1055.8,359.9,5103.9,5.67
25.Apr.2003W,1050.8,356.0,5092.0,5.51
02.May.2003W,1246.6,416.0,6077.8,5.53
09.May.2003W,1417.8,415.2,7250.0,5.27
16.May.2003W,1562.8,395.8,8351.1,5.17
23.May.2003W,1634.6,395.7,8840.9,5.14
30.May.2003W,1856.7,460.5,9977.8,5.13
06.Jun.2003W,1684.6,418.9,9046.9,5.06
13.Jun.2003W,1701.7,419.1,9162.7,4.99
20.Jun.2003W,1554.5,411.2,8204.6,5.10
27.Jun.2003W,1635.5,438.4,8599.1,5.23
04.Jul.2003W,1346.3,414.1,6768.3,5.37
11.Jul.2003W,1358.2,447.2,6657.2,5.33
18.Jul.2003W,1284.3,442.4,6181.2,5.72
25.Jul.2003W,972.4,426.9,4145.8,5.87
01.Aug.2003W,983.2,456.4,4047.5,6.37
08.Aug.2003W,824.6,409.6,3238.4,6.00
15.Aug.2003W,736.7,389.5,2756.8,6.22
22.Aug.2003W,638.6,375.5,2169.0,6.22
29.Aug.2003W,628.7,396.1,1981.5,6.25
05.Sep.2003W,771.8,408.8,2883.6,5.99
12.Sep.2003W,726.7,432.4,2438.5,5.91
19.Sep.2003W,699.6,402.1,2429.7,5.85
26.Sep.2003W,707.2,398.0,2505.8,5.67
03.Oct.2003W,817.3,441.1,3005.5,5.79
10.Oct.2003W,649.6,359.0,2340.1,5.81
17.Oct.2003W,652.8,386.1,2204.1,5.97
24.Oct.2003W,649.6,363.9,2311.8,5.83
31.Oct.2003W,685.2,404.3,2319.4,5.85
07.Nov.2003W,626.0,375.4,2084.2,5.94
14.Nov.2003W,663.2,425.9,2043.9,5.64
21.Nov.2003W,775.6,459.9,2612.2,5.73
28.Nov.2003W,685.1,441.8,2100.0,5.93
05.Dec.2003W,601.6,399.8,1775.5,5.76
12.Dec.2003W,677.2,437.2,2072.9,5.71
19.Dec.2003W,631.2,411.6,1908.3,5.62
26.Dec.2003W,574.1,390.1,1644.3,5.73
02.Jan.2004W,599.9,401.3,1755.4,5.81
09.Jan.2004W,702.6,445.9,2195.7,5.56
16.Jan.2004W,916.1,501.6,3327.3,5.55
23.Jan.2004W,868.9,451.6,3296.7,5.58
30.Jan.2004W,855.7,444.0,3250.6,5.63
06.Feb.2004W,797.8,402.2,3099.1,5.60
13.Feb.2004W,837.1,413.9,3298.3,5.46
20.Feb.2004W,854.5,423.5,3361.9,5.49
27.Feb.2004W,878.7,422.6,3532.2,5.49
05.Mar.2004W,889.1,428.6,3567.6,5.34
12.Mar.2004W,1117.1,452.4,4983.7,5.37
19.Mar.2004W,1114.9,448.9,4988.7,5.38
26.Mar.2004W,1091.3,443.8,4857.6,5.49
02.Apr.2004W,1012.9,477.5,4126.7,5.75
09.Apr.2004W,788.6,432.2,2861.6,5.77
16.Apr.2004W,744.5,434.1,2550.3,5.84
23.Apr.2004W,748.0,463.5,2403.0,6.01
30.Apr.2004W,780.9,482.5,2516.0,6.10
07.May.2004W,742.2,494.3,2184.6,6.32
14.May.2004W,654.1,454.2,1816.9,6.21
21.May.2004W,632.4,449.8,1694.9,6.26
28.May.2004W,624.6,459.8,1583.6,6.24
04.Jun.2004W,568.8,432.2,1363.2,6.25
11.Jun.2004W,600.6,449.5,1479.4,6.34
18.Jun.2004W,601.2,454.5,1454.6,6.21
25.Jun.2004W,575.0,435.4,1386.9,6.21
02.Jul.2004W,687.0,500.9,1769.7,5.96
09.Jul.2004W,643.9,468.8,1662.4,5.95
16.Jul.2004W,617.9,440.3,1651.1,5.96
23.Jul.2004W,621.4,444.8,1648.8,5.97
30.Jul.2004W,620.4,452.0,1600.3,5.97
06.Aug.2004W,616.1,440.0,1640.5,5.80
13.Aug.2004W,689.4,467.1,1982.7,5.75
20.Aug.2004W,646.3,443.7,1824.9,5.78
27.Aug.2004W,642.7,443.1,1804.1,5.75
03.Sep.2004W,692.0,476.0,1948.9,5.79
10.Sep.2004W,678.2,455.7,1972.5,5.68
17.Sep.2004W,690.7,456.6,2052.5,5.66
24.Sep.2004W,724.7,469.1,2211.1,5.64
01.Oct.2004W,724.8,459.0,2270.8,5.78
08.Oct.2004W,658.2,436.3,1949.2,5.69
15.Oct.2004W,709.9,461.4,2155.2,5.64
22.Oct.2004W,703.9,440.9,2233.8,5.54
29.Oct.2004W,761.7,496.5,2303.9,5.65
05.Nov.2004W,727.3,483.0,2148.7,5.69
12.Nov.2004W,758.3,480.3,2375.4,5.70
19.Nov.2004W,715.0,463.3,2179.3,5.64
26.Nov.2004W,673.3,460.3,1912.3,5.78
03.Dec.2004W,696.2,490.9,1890.6,5.68
10.Dec.2004W,689.0,488.9,1852.4,5.65
17.Dec.2004W,689.3,471.1,1958.2,5.69
24.Dec.2004W,677.4,483.8,1803.9,5.72
31.Dec.2004W,605.7,417.3,1701.3,5.67
07.Jan.2005W,587.8,393.1,1720.5,5.70
14.Jan.2005W,682.9,448.1,2048.6,5.64
21.Jan.2005W,658.1,439.0,1932.8,5.58
28.Jan.2005W,706.4,440.3,2253.9,5.61
04.Feb.2005W,735.9,444.6,2430.7,5.48
11.Feb.2005W,732.3,423.3,2530.1,5.50
18.Feb.2005W,727.9,417.8,2532.0,5.67
25.Feb.2005W,710.1,440.0,2281.1,5.74
04.Mar.2005W,704.8,451.7,2176.8,5.69
11.Mar.2005W,727.6,462.8,2267.5,5.91
18.Mar.2005W,658.8,446.4,1894.4,5.95
25.Mar.2005W,674.3,470.9,1857.2,6.08
01.Apr.2005W,644.5,446.0,1798.8,5.91
08.Apr.2005W,683.6,474.5,1899.6,5.95
15.Apr.2005W,672.6,466.7,1870.0,5.83
22.Apr.2005W,712.4,482.0,2052.5,5.75
29.Apr.2005W,714.1,482.5,2061.2,5.74
06.May.2005W,781.0,526.2,2263.3,5.77
13.May.2005W,699.2,469.3,2036.7,5.73
20.May.2005W,729.6,482.3,2167.9,5.63
27.May.2005W,709.1,462.7,2142.1,5.61
03.Jun.2005W,755.5,479.3,2362.1,5.55
10.Jun.2005W,887.0,529.3,2967.4,5.62
17.Jun.2005W,786.8,479.4,2575.0,5.63
24.Jun.2005W,778.4,477.4,2529.2,5.47
01.Jul.2005W,853.4,520.8,2788.2,5.58
08.Jul.2005W,791.9,489.0,2554.3,5.62
15.Jul.2005W,801.1,488.7,2618.2,5.72
22.Jul.2005W,754.3,485.1,2320.3,5.72
29.Jul.2005W,752.1,494.5,2250.3,5.83
05.Aug.2005W,745.0,498.8,2176.5,5.91
12.Aug.2005W,761.3,499.3,2285.5,5.79
19.Aug.2005W,756.2,488.4,2313.9,5.78
26.Aug.2005W,722.5,470.6,2187.8,5.73
02.Sep.2005W,771.6,499.1,2357.1,5.64
09.Sep.2005W,760.6,513.4,2198.7,5.72
16.Sep.2005W,772.2,500.3,2353.7,5.81
23.Sep.2005W,721.2,483.1,2106.6,5.85
30.Sep.2005W,713.5,473.8,2107.4,5.94
07.Oct.2005W,694.8,469.5,2004.9,5.98
14.Oct.2005W,737.5,503.9,2095.7,6.09
21.Oct.2005W,679.1,466.4,1916.8,6.06
28.Oct.2005W,646.7,437.6,1862.8,6.21
04.Nov.2005W,661.3,465.7,1798.8,6.31
11.Nov.2005W,657.6,477.9,1702.4,6.33
18.Nov.2005W,635.4,472.3,1584.1,6.26
25.Nov.2005W,624.1,476.2,1484.3,6.20
02.Dec.2005W,656.7,495.1,1596.4,6.32
09.Dec.2005W,619.3,477.9,1441.8,6.28
16.Dec.2005W,594.6,453.1,1418.1,6.22
23.Dec.2005W,554.1,432.9,1259.1,6.21
30.Dec.2005W,545.9,418.3,1363.2,6.15
06.Jan.2006W,600.1,457.4,1497.5,6.08
13.Jan.2006W,613.3,443.9,1645.2,6.07
20.Jan.2006W,660.5,473.7,1773.9,6.04
27.Jan.2006W,626.8,435.7,1747.2,6.20
03.Feb.2006W,619.3,425.1,1751.0,6.25
10.Feb.2006W,574.1,391.7,1636.7,6.25
17.Feb.2006W,578.5,408.7,1571.4,6.22
24.Feb.2006W,571.5,400.8,1573.5,6.18
03.Mar.2006W,575.6,399.0,1614.4,6.31
10.Mar.2006W,574.4,403.0,1583.6,6.42
17.Mar.2006W,565.0,393.6,1574.5,6.31
24.Mar.2006W,571.7,404.1,1558.4,6.36
31.Mar.2006W,612.8,438.2,1640.8,6.49
07.Apr.2006W,579.4,417.7,1532.4,6.50
14.Apr.2006W,569.6,407.4,1526.1,6.56
21.Apr.2006W,548.6,389.4,1489.4,6.53
28.Apr.2006W,596.8,433.3,1565.6,6.57
05.May.2006W,562.1,416.5,1427.4,6.61
12.May.2006W,588.0,426.7,1546.8,6.66
19.May.2006W,552.6,396.4,1480.5,6.61
26.May.2006W,541.9,395.5,1409.0,6.66
02.Jun.2006W,534.4,395.6,1356.0,6.60
09.Jun.2006W,571.9,414.6,1499.4,6.61
16.Jun.2006W,567.6,414.8,1466.1,6.73
23.Jun.2006W,529.6,389.0,1356.0,6.86
30.Jun.2006W,561.0,414.2,1423.9,6.80
07.Jul.2006W,566.8,425.0,1400.5,6.81
14.Jul.2006W,540.8,398.5,1377.6,6.73
21.Jul.2006W,533.8,389.0,1385.2,6.69
28.Jul.2006W,527.6,376.2,1417.2,6.62
04.Aug.2006W,553.3,388.9,1518.1,6.45
11.Aug.2006W,561.2,385.9,1587.5,6.54
18.Aug.2006W,561.5,382.2,1608.5,6.38
25.Aug.2006W,556.5,375.9,1609.2,6.39
01.Sep.2006W,566.3,389.7,1594.7,6.31
08.Sep.2006W,584.2,410.2,1597.0,6.32
15.Sep.2006W,595.8,397.9,1748.7,6.36
22.Sep.2006W,566.5,375.9,1677.5,6.18
29.Sep.2006W,633.9,404.6,1970.8,6.24
06.Oct.2006W,599.1,383.3,1857.0,6.27
13.Oct.2006W,585.8,384.7,1758.2,6.33
20.Oct.2006W,588.6,382.4,1790.4,6.36
27.Oct.2006W,570.8,375.6,1709.2,6.24
03.Nov.2006W,620.9,402.2,1897.9,6.24
10.Nov.2006W,647.5,412.9,2022.2,6.15
17.Nov.2006W,623.6,401.4,1935.3,6.13
24.Nov.2006W,599.0,406.7,1749.6,6.13
01.Dec.2006W,647.6,426.6,1989.7,5.98
08.Dec.2006W,721.2,463.8,2304.4,6.02
15.Dec.2006W,647.6,436.5,1968.8,6.10
22.Dec.2006W,555.8,390.2,1604.6,6.12
29.Dec.2006W,575.6,406.9,1640.4,6.22
05.Jan.2007W,671.1,472.8,1923.8,6.13
12.Jan.2007W,667.2,439.7,2045.8,6.19
19.Jan.2007W,611.3,402.7,1849.1,6.22
26.Jan.2007W,631.1,408.0,1940.2,6.29
02.Feb.2007W,630.1,404.7,1943.4,6.23
09.Feb.2007W,639.8,400.7,2031.7,6.24
16.Feb.2007W,606.6,381.4,1921.1,6.19
23.Feb.2007W,626.1,401.3,1943.5,6.16
02.Mar.2007W,671.6,405.3,2234.2,6.04
09.Mar.2007W,690.5,414.3,2312.2,6.03
16.Mar.2007W,672.1,410.6,2208.6,6.06
23.Mar.2007W,671.0,411.1,2197.7,6.04
30.Mar.2007W,649.5,402.9,2098.3,6.13
06.Apr.2007W,646.6,413.8,2015.0,6.16
13.Apr.2007W,630.6,396.5,2008.4,6.22
20.Apr.2007W,653.3,411.0,2081.6,6.13
27.Apr.2007W,657.2,427.3,2015.8,6.14
04.May.2007W,680.7,438.3,2115.2,6.10
11.May.2007W,675.5,432.3,2115.5,6.13
18.May.2007W,686.2,438.1,2154.7,6.23
25.May.2007W,636.4,427.0,1874.6,6.32
01.Jun.2007W,625.3,433.6,1757.1,6.35
08.Jun.2007W,666.5,464.7,1854.8,6.61
15.Jun.2007W,643.7,450.9,1776.8,6.60
22.Jun.2007W,618.6,428.9,1731.6,6.60
29.Jun.2007W,619.4,437.3,1687.2,6.50
06.Jul.2007W,626.2,453.9,1636.9,6.65
13.Jul.2007W,631.6,446.5,1717.4,6.61
20.Jul.2007W,609.0,424.2,1692.9,6.59
27.Jul.2007W,607.1,416.6,1724.1,6.50
03.Aug.2007W,656.5,447.4,1881.1,6.41
10.Aug.2007W,678.7,464.9,1929.6,6.45
17.Aug.2007W,641.1,441.5,1806.3,6.49
24.Aug.2007W,615.2,424.0,1729.6,6.41
31.Aug.2007W,622.9,425.8,1770.2,6.42
07.Sep.2007W,657.4,448.0,1876.6,6.25
14.Sep.2007W,673.2,452.0,1962.0,6.29
21.Sep.2007W,654.2,418.8,2026.5,6.38
28.Sep.2007W,636.7,411.4,1950.4,6.32
05.Oct.2007W,652.0,420.2,2003.2,6.40
12.Oct.2007W,656.3,429.1,1980.9,6.40
19.Oct.2007W,656.5,415.9,2059.3,6.21
26.Oct.2007W,681.7,412.9,2249.0,6.15
02.Nov.2007W,670.6,412.7,2176.1,6.16
09.Nov.2007W,707.3,432.6,2315.7,6.19
16.Nov.2007W,681.7,424.1,2199.9,6.18
23.Nov.2007W,646.3,403.2,2093.0,6.09
30.Nov.2007W,791.8,464.3,2761.3,5.82
07.Dec.2007W,811.8,472.0,2879.8,6.07
14.Dec.2007W,653.8,422.2,2093.6,6.18
21.Dec.2007W,603.8,394.5,1915.3,6.10
28.Dec.2007W,533.9,360.8,1620.9,6.05
04.Jan.2008W,706.0,414.0,2494.2,5.73
11.Jan.2008W,906.4,461.2,3575.5,5.62
18.Jan.2008W,981.5,439.9,4178.2,5.49
25.Jan.2008W,1054.9,362.0,5103.6,5.60
01.Feb.2008W,1086.6,405.3,5054.0,5.61
08.Feb.2008W,1063.5,403.9,4901.5,5.72
15.Feb.2008W,822.8,357.6,3533.8,6.09
22.Feb.2008W,665.1,358.2,2458.9,6.27
29.Feb.2008W,684.9,363.1,2569.0,5.98
07.Mar.2008W,671.7,368.8,2448.2,6.37
14.Mar.2008W,652.0,365.0,2335.2,5.98
21.Mar.2008W,965.9,403.7,4255.2,5.74
28.Mar.2008W,688.3,356.0,2636.0,5.75
04.Apr.2008W,725.6,384.7,2724.7,5.78
11.Apr.2008W,743.4,381.6,2866.0,5.74
18.Apr.2008W,637.6,357.3,2286.3,6.04
25.Apr.2008W,567.0,340.1,1905.2,6.01
02.May.2008W,655.4,381.3,2273.8,5.91
09.May.2008W,674.4,378.5,2422.1,5.82
16.May.2008W,621.6,352.5,2210.5,5.90
23.May.2008W,593.3,352.7,2013.5,5.96
30.May.2008W,502.3,333.6,1496.1,6.17
06.Jun.2008W,557.1,376.2,1622.1,6.24
13.Jun.2008W,508.4,360.2,1378.6,6.57
20.Jun.2008W,461.3,333.4,1212.2,6.39
27.Jun.2008W,477.7,342.8,1269.2,6.33
04.Jul.2008W,513.4,365.8,1379.3,6.43
11.Jul.2008W,522.2,359.7,1474.9,6.22
18.Jul.2008W,489.6,335.6,1392.7,6.59
25.Jul.2008W,420.8,309.5,1074.4,6.46
01.Aug.2008W,432.6,315.2,1121.8,6.41
08.Aug.2008W,425.9,315.2,1074.6,6.57
15.Aug.2008W,419.3,314.0,1034.5,6.47
22.Aug.2008W,421.6,315.9,1038.0,6.44
29.Aug.2008W,453.1,349.0,1059.7,6.39
05.Sep.2008W,496.2,371.5,1222.9,6.06
12.Sep.2008W,661.7,380.4,2300.0,5.82
19.Sep.2008W,591.4,342.2,2043.4,6.08
26.Sep.2008W,455.4,304.8,1333.9,6.07
03.Oct.2008W,465.5,314.5,1345.8,5.99
10.Oct.2008W,489.3,313.5,1514.2,6.47
17.Oct.2008W,408.1,279.3,1158.8,6.28
24.Oct.2008W,476.7,303.1,1489.4,6.26
31.Oct.2008W,379.9,260.9,1075.4,6.47
07.Nov.2008W,425.0,284.4,1248.4,6.24
14.Nov.2008W,398.6,248.5,1281.2,6.16
21.Nov.2008W,404.4,261.6,1254.0,5.99
28.Nov.2008W,857.7,361.1,3802.8,5.47
05.Dec.2008W,817.7,299.6,3901.9,5.44
12.Dec.2008W,841.4,286.1,4156.0,5.18
19.Dec.2008W,1245.4,316.5,6758.6,5.04
26.Dec.2008W,1245.7,320.9,6733.8,5.03
02.Jan.2009W,1143.8,344.2,5904.5,5.07
09.Jan.2009W,1324.8,295.8,7414.1,4.89
16.Jan.2009W,1195.3,303.1,6491.8,5.24
23.Jan.2009W,732.1,294.3,3373.9,5.22
30.Jan.2009W,795.4,261.4,3906.3,5.28
06.Feb.2009W,600.6,235.9,2722.7,5.19
13.Feb.2009W,875.3,257.3,4472.9,4.99
20.Feb.2009W,743.5,250.5,3618.0,5.07
27.Feb.2009W,649.7,236.4,3063.4,5.14
06.Mar.2009W,723.4,253.3,3470.7,4.96
13.Mar.2009W,876.9,257.1,4497.6,4.89
20.Mar.2009W,1159.4,267.8,6363.2,4.63
27.Mar.2009W,1194.4,268.0,6600.1,4.61
03.Apr.2009W,1250.6,297.7,6813.5,4.73
10.Apr.2009W,1113.2,264.1,6071.7,4.70
17.Apr.2009W,1172.2,253.0,6540.7,4.73
24.Apr.2009W,960.6,251.6,5108.2,4.62
01.May.2009W,979.7,264.3,5169.3,4.79
08.May.2009W,895.6,265.7,4588.6,4.76
15.May.2009W,915.9,254.0,4794.4,4.69
22.May.2009W,786.0,256.6,3890.4,4.81
29.May.2009W,658.7,267.7,2953.6,5.25
05.Jun.2009W,611.0,270.7,2605.7,5.57
12.Jun.2009W,514.4,261.2,1998.1,5.50
19.Jun.2009W,548.2,280.3,2116.3,5.44
26.Jun.2009W,444.8,267.7,1482.2,5.34
03.Jul.2009W,493.1,285.6,1707.7,5.34
10.Jul.2009W,514.4,258.8,2009.4,5.05
17.Jul.2009W,528.9,262.1,2089.7,5.31
24.Jul.2009W,495.4,262.0,1862.1,5.36
31.Jul.2009W,517.3,264.4,1996.7,5.17
07.Aug.2009W,499.0,267.2,1853.8,5.38
14.Aug.2009W,527.0,277.7,1982.5,5.15
21.Aug.2009W,566.4,280.4,2233.5,5.24
28.Aug.2009W,554.1,277.6,2164.1,5.15
04.Sep.2009W,648.3,304.1,2651.2,5.02
11.Sep.2009W,592.8,272.9,2454.5,5.08
18.Sep.2009W,668.5,288.3,2881.5,4.97
25.Sep.2009W,649.6,270.4,2857.3,4.94
02.Oct.2009W,756.3,306.1,3377.1,4.89
09.Oct.2009W,742.9,290.9,3374.6,5.02
16.Oct.2009W,641.0,268.8,2808.0,5.07
23.Oct.2009W,562.3,254.9,2352.5,5.04
30.Oct.2009W,608.3,250.3,2693.7,4.97
06.Nov.2009W,627.5,220.9,2998.2,4.90
13.Nov.2009W,629.1,203.6,3115.1,4.83
20.Nov.2009W,601.0,223.1,2818.7,4.82
27.Nov.2009W,613.7,232.3,2866.4,4.79
04.Dec.2009W,665.6,241.5,3185.9,4.88
11.Dec.2009W,667.3,241.2,3214.0,4.92
18.Dec.2009W,595.8,213.3,2889.9,4.92
25.Dec.2009W,460.1,204.7,2008.9,5.08
01.Jan.2010W,462.2,212.1,1976.9,5.18
08.Jan.2010W,528.1,213.7,2407.2,5.13
15.Jan.2010W,575.9,223.0,2663.8,5.00
22.Jan.2010W,513.0,215.6,2260.4,5.02
29.Jan.2010W,620.7,237.8,2854.8,5.01
05.Feb.2010W,613.1,221.2,2893.9,4.94
12.Feb.2010W,600.5,212.3,2860.1,4.94
19.Feb.2010W,549.5,196.8,2605.3,5.03
26.Feb.2010W,629.9,214.5,3054.3,4.95
05.Mar.2010W,633.1,226.8,3007.2,5.01
12.Mar.2010W,620.9,221.5,2955.9,4.91
19.Mar.2010W,595.0,227.5,2744.7,5.01
26.Mar.2010W,602.8,243.0,2707.8,5.04
02.Apr.2010W,536.3,243.6,2250.6,5.31
09.Apr.2010W,484.6,218.0,2047.1,5.17
16.Apr.2010W,550.5,240.1,2371.0,5.04
23.Apr.2010W,534.6,257.9,2161.8,5.08
30.Apr.2010W,556.2,291.3,2117.3,5.02
07.May.2010W,578.1,263.6,2430.8,4.96
14.May.2010W,569.2,192.1,2783.0,4.83
21.May.2010W,633.5,185.7,3257.4,4.80
28.May.2010W,639.0,178.0,3336.9,4.83
04.Jun.2010W,560.9,167.8,2859.5,4.81
11.Jun.2010W,659.9,180.0,3461.5,4.82
18.Jun.2010W,621.2,177.9,3208.5,4.75
25.Jun.2010W,675.9,172.1,3613.1,4.67
02.Jul.2010W,721.5,168.6,3944.6,4.68
09.Jul.2010W,700.3,163.3,3831.2,4.69
16.Jul.2010W,753.5,168.9,4161.9,4.59
23.Jul.2010W,720.6,172.3,3918.1,4.69
30.Jul.2010W,730.2,174.9,3969.0,4.60
06.Aug.2010W,734.3,175.4,3993.0,4.57
13.Aug.2010W,829.7,169.4,4676.7,4.60
20.Aug.2010W,870.3,170.5,4944.7,4.55
27.Aug.2010W,893.8,173.6,5085.3,4.43
03.Sep.2010W,880.0,184.5,4926.5,4.50
10.Sep.2010W,801.5,183.7,4396.1,4.47
17.Sep.2010W,790.6,177.6,4357.4,4.44
24.Sep.2010W,784.0,181.8,4288.3,4.38
01.Oct.2010W,782.6,198.7,4180.8,4.25
08.Oct.2010W,897.2,181.8,5060.3,4.21
15.Oct.2010W,803.4,169.7,4491.1,4.34
22.Oct.2010W,828.9,176.4,4626.1,4.25
29.Oct.2010W,787.3,178.9,4328.8,4.28
05.Nov.2010W,833.3,188.7,4587.7,4.28
12.Nov.2010W,713.6,179.2,3831.0,4.46
19.Nov.2010W,728.8,205.0,3793.6,4.50
26.Nov.2010W,608.8,207.2,2974.4,4.56
03.Dec.2010W,603.5,210.9,2932.0,4.66
10.Dec.2010W,589.7,200.3,2910.9,4.84
17.Dec.2010W,479.9,195.3,2196.1,4.85
24.Dec.2010W,461.3,201.4,2036.9,4.93
31.Dec.2010W,472.1,199.8,2115.4,4.82
07.Jan.2011W,482.7,192.4,2219.2,4.78
14.Jan.2011W,507.0,188.8,2390.7,4.77
21.Jan.2011W,441.8,172.3,2025.2,4.80
28.Jan.2011W,491.7,188.7,2261.2,4.81
04.Feb.2011W,464.7,186.1,2086.4,5.13
11.Feb.2011W,420.4,175.1,1848.6,5.12
18.Feb.2011W,476.0,184.1,2177.2,5.00
25.Feb.2011W,445.1,172.8,2034.7,4.84
04.Mar.2011W,514.2,194.4,2383.7,4.93
11.Mar.2011W,510.7,186.6,2406.3,4.79
18.Mar.2011W,524.4,191.7,2471.2,4.80
25.Mar.2011W,485.3,188.5,2222.5,4.92
01.Apr.2011W,475.7,201.2,2084.1,4.93
08.Apr.2011W,444.0,191.7,1923.9,4.98
15.Apr.2011W,467.5,210.8,1975.2,4.83
22.Apr.2011W,441.2,182.1,1964.0,4.80
29.Apr.2011W,458.7,182.7,2081.6,4.76
06.May.2011W,496.3,194.9,2269.1,4.67
13.May.2011W,534.8,188.6,2568.2,4.60
20.May.2011W,540.8,191.4,2591.7,4.69
27.May.2011W,519.4,191.4,2442.9,4.58
03.Jun.2011W,517.5,182.9,2475.7,4.54
10.Jun.2011W,584.6,191.1,2883.7,4.51
17.Jun.2011W,549.9,185.8,2675.2,4.57
24.Jun.2011W,534.9,180.3,2604.4,4.46
01.Jul.2011W,507.0,188.9,2363.6,4.69
08.Jul.2011W,481.3,183.9,2217.3,4.55
15.Jul.2011W,556.0,183.7,2728.6,4.54
22.Jul.2011W,528.0,176.7,2578.8,4.57
29.Jul.2011W,565.3,185.8,2780.5,4.45
05.Aug.2011W,688.0,184.2,3625.7,4.37
12.Aug.2011W,716.4,167.5,3915.5,4.32
19.Aug.2011W,699.1,157.9,3850.6,4.39
26.Aug.2011W,631.7,159.3,3381.7,4.32
02.Sep.2011W,601.0,159.6,3169.4,4.23
09.Sep.2011W,638.7,170.8,3361.0,4.17
16.Sep.2011W,702.7,172.2,3813.2,4.29
23.Sep.2011W,767.9,176.6,4239.6,4.24
30.Sep.2011W,734.9,175.2,4019.0,4.18
07.Oct.2011W,744.2,177.1,4072.3,4.25
14.Oct.2011W,633.1,161.4,3396.1,4.33
21.Oct.2011W,664.0,171.7,3546.7,4.33
28.Oct.2011W,665.6,174.8,3539.3,4.31
04.Nov.2011W,734.3,183.1,3967.5,4.22
11.Nov.2011W,660.5,178.9,3483.9,4.23
18.Nov.2011W,652.5,193.6,3344.7,4.23
25.Nov.2011W,576.4,192.1,2834.5,4.21
02.Dec.2011W,650.4,208.0,3268.7,4.18
09.Dec.2011W,677.0,190.9,3573.7,4.12
16.Dec.2011W,659.3,181.6,3516.8,4.08
23.Dec.2011W,661.4,181.4,3535.0,4.10
30.Dec.2011W,634.5,163.9,3448.3,4.07
06.Jan.2012W,663.1,177.1,3560.6,4.11
13.Jan.2012W,816.1,195.4,4500.6,4.06
20.Jan.2012W,775.6,184.8,4265.3,4.11
27.Jan.2012W,753.3,181.7,4113.8,4.09
03.Feb.2012W,810.0,181.9,4500.7,4.05
10.Feb.2012W,801.8,166.6,4538.0,4.08
17.Feb.2012W,766.1,161.8,4322.0,4.09
24.Feb.2012W,763.6,175.1,4225.4,4.07
02.Mar.2012W,754.4,178.7,4141.7,4.06
09.Mar.2012W,736.5,186.5,3971.1,4.06
16.Mar.2012W,681.9,184.6,3603.5,4.19
23.Mar.2012W,663.7,190.6,3438.6,4.23
30.Mar.2012W,695.7,204.4,3576.8,4.16
06.Apr.2012W,678.8,203.3,3467.3,4.10
13.Apr.2012W,725.4,180.5,3936.3,4.05
20.Apr.2012W,697.7,185.4,3715.2,4.04
27.Apr.2012W,698.2,190.7,3687.7,4.05
04.May.2012W,710.4,197.1,3734.8,4.01
11.May.2012W,775.6,192.4,4219.1,3.96
18.May.2012W,804.9,186.7,4456.4,3.93
25.May.2012W,794.7,185.6,4388.8,3.91
01.Jun.2012W,804.8,182.2,4476.2,3.87
08.Jun.2012W,949.4,205.6,5334.3,3.88
15.Jun.2012W,941.5,188.1,5385.8,3.87
22.Jun.2012W,875.1,185.4,4938.3,3.88
29.Jun.2012W,816.7,186.5,4524.1,3.86
06.Jul.2012W,799.9,192.6,4369.3,3.79
13.Jul.2012W,935.4,192.4,5314.4,3.74
20.Jul.2012W,943.6,186.2,5411.6,3.74
27.Jul.2012W,945.7,182.0,5452.8,3.75
03.Aug.2012W,928.8,179.5,5349.6,3.76
10.Aug.2012W,886.8,175.9,5077.3,3.76
17.Aug.2012W,821.3,177.4,4609.9,3.86
24.Aug.2012W,786.1,179.9,4346.2,3.80
31.Aug.2012W,767.6,178.6,4224.8,3.78
07.Sep.2012W,853.1,193.0,4729.5,3.75
14.Sep.2012W,851.6,185.7,4765.3,3.72
21.Sep.2012W,875.1,187.0,4921.4,3.63
28.Sep.2012W,1020.4,194.2,5888.0,3.53
05.Oct.2012W,1006.2,199.2,5757.3,3.56
12.Oct.2012W,964.0,200.9,5452.9,3.57
19.Oct.2012W,848.3,184.2,4752.1,3.63
26.Oct.2012W,808.0,185.2,4465.8,3.65
02.Nov.2012W,768.0,176.4,4244.3,3.61
09.Nov.2012W,864.9,195.8,4801.3,3.52
16.Nov.2012W,846.1,201.0,4645.8,3.54
23.Nov.2012W,838.9,206.3,4575.5,3.53
30.Nov.2012W,877.0,206.5,4856.7,3.52
07.Dec.2012W,931.2,208.0,5242.9,3.47
14.Dec.2012W,817.0,198.0,4519.1,3.50
21.Dec.2012W,725.5,189.4,3937.4,3.51
28.Dec.2012W,650.3,169.5,3528.3,3.52
04.Jan.2013W,726.4,185.7,3956.6,3.61
11.Jan.2013W,836.5,209.6,4563.7,3.61
18.Jan.2013W,894.8,214.9,4916.7,3.62
25.Jan.2013W,822.1,211.1,4415.2,3.67
01.Feb.2013W,849.8,215.8,4567.6,3.73
08.Feb.2013W,795.8,195.4,4315.8,3.75
15.Feb.2013W,782.4,192.1,4244.6,3.78
22.Feb.2013W,753.0,182.2,4105.8,3.77
01.Mar.2013W,864.1,209.6,4712.4,3.70
08.Mar.2013W,823.7,204.3,4466.8,3.81
15.Mar.2013W,765.1,196.4,4108.8,3.82
22.Mar.2013W,823.7,209.5,4436.6,3.79
29.Mar.2013W,790.7,212.4,4189.0,3.76
05.Apr.2013W,826.1,209.7,4453.9,3.68
12.Apr.2013W,866.1,217.8,4685.1,3.67
19.Apr.2013W,868.1,218.5,4698.0,3.65
26.Apr.2013W,883.8,215.5,4829.4,3.60
03.May.2013W,945.5,220.6,5229.7,3.59
10.May.2013W,876.6,211.6,4805.8,3.67
17.May.2013W,791.0,205.3,4245.5,3.78
24.May.2013W,721.4,210.6,3723.3,3.90
31.May.2013W,638.7,207.3,3163.5,4.07
07.Jun.2013W,670.7,217.0,3322.3,4.15
14.Jun.2013W,648.9,210.4,3208.5,4.17
21.Jun.2013W,629.2,214.8,3041.4,4.46
28.Jun.2013W,555.5,208.2,2568.3,4.58
05.Jul.2013W,533.3,201.7,2454.6,4.68
12.Jul.2013W,519.4,202.7,2351.7,4.68
19.Jul.2013W,513.3,198.5,2336.2,4.58
26.Jul.2013W,494.4,191.7,2247.6,4.58
02.Aug.2013W,495.4,193.1,2244.7,4.61
09.Aug.2013W,471.9,182.7,2145.3,4.56
16.Aug.2013W,450.4,184.9,1979.6,4.68
23.Aug.2013W,439.2,189.4,1871.8,4.80
30.Aug.2013W,445.0,188.6,1916.3,4.73
06.Sep.2013W,385.0,183.6,1528.5,4.80
13.Sep.2013W,428.2,188.1,1801.7,4.75
20.Sep.2013W,451.9,200.6,1889.2,4.62
27.Sep.2013W,450.2,189.4,1947.4,4.49
04.Oct.2013W,455.9,188.1,1995.4,4.42
11.Oct.2013W,457.1,179.0,2060.8,4.46
18.Oct.2013W,454.5,180.3,2034.4,4.39
25.Oct.2013W,483.7,184.5,2211.3,4.33
01.Nov.2013W,470.0,183.2,2125.1,4.32
08.Nov.2013W,461.7,182.2,2076.0,4.44
15.Nov.2013W,451.1,192.8,1941.3,4.46
22.Nov.2013W,449.6,192.4,1942.6,4.48
29.Nov.2013W,392.1,184.5,1602.1,4.51
06.Dec.2013W,396.2,186.1,1635.4,4.61
13.Dec.2013W,374.6,174.7,1565.4,4.62
20.Dec.2013W,351.1,168.6,1444.3,4.64
27.Dec.2013W,336.4,172.7,1315.1,4.72
03.Jan.2014W,345.1,171.9,1375.6,4.72
10.Jan.2014W,386.1,191.7,1530.3,4.66
17.Jan.2014W,404.1,184.8,1682.1,4.57
24.Jan.2014W,403.4,187.6,1645.2,4.52
31.Jan.2014W,405.2,180.5,1693.2,4.47
07.Feb.2014W,397.2,171.5,1690.0,4.45
14.Feb.2014W,380.9,160.7,1644.5,4.50
21.Feb.2014W,348.5,155.0,1457.2,4.53
28.Feb.2014W,381.4,169.6,1597.6,4.47
07.Mar.2014W,373.3,168.8,1547.9,4.52
14.Mar.2014W,374.2,169.2,1552.2,4.50
21.Mar.2014W,361.2,174.0,1432.2,4.56
28.Mar.2014W,356.7,175.6,1391.3,4.56
04.Apr.2014W,351.0,180.3,1322.9,4.56
11.Apr.2014W,366.1,182.7,1414.4,4.47
18.Apr.2014W,354.0,178.0,1361.4,4.49
25.Apr.2014W,333.2,170.1,1267.0,4.49
02.May.2014W,350.9,185.2,1297.6,4.43
09.May.2014W,363.4,185.1,1386.4,4.39
16.May.2014W,366.5,180.0,1438.9,4.33
23.May.2014W,362.2,178.1,1418.6,4.31
30.May.2014W,350.8,171.6,1377.4,4.26
06.Jun.2014W,387.1,187.5,1528.9,4.34
13.Jun.2014W,351.6,178.6,1334.0,4.36
20.Jun.2014W,348.1,176.4,1322.6,4.33
27.Jun.2014W,347.3,175.2,1323.9,4.28
04.Jul.2014W,353.9,181.7,1328.9,4.32
11.Jul.2014W,341.1,167.8,1327.4,4.33
18.Jul.2014W,349.4,168.3,1382.3,4.33
25.Jul.2014W,341.7,168.7,1326.4,4.33
01.Aug.2014W,347.0,166.5,1377.0,4.35
08.Aug.2014W,337.7,164.8,1322.2,4.35
15.Aug.2014W,342.4,164.1,1358.0,4.29
22.Aug.2014W,352.0,168.4,1396.2,4.28
29.Aug.2014W,352.7,165.8,1415.8,4.25
05.Sep.2014W,327.2,161.5,1265.0,4.27
12.Sep.2014W,352.9,169.3,1395.5,4.36
19.Sep.2014W,338.4,168.8,1297.5,4.39
26.Sep.2014W,337.8,168.8,1293.7,4.33
03.Oct.2014W,350.7,172.9,1358.0,4.30
10.Oct.2014W,370.4,171.7,1502.4,4.20
17.Oct.2014W,413.2,163.4,1852.3,4.10
24.Oct.2014W,386.1,155.2,1715.3,4.13
31.Oct.2014W,376.1,159.2,1621.2,4.17
07.Nov.2014W,372.9,160.9,1590.3,4.19
14.Nov.2014W,391.3,179.8,1604.6,4.18
21.Nov.2014W,374.5,171.2,1549.0,4.15
28.Nov.2014W,347.0,175.5,1341.1,4.08
05.Dec.2014W,372.3,177.7,1518.7,4.11
12.Dec.2014W,360.0,165.5,1518.9,4.06
19.Dec.2014W,363.1,167.7,1535.2,4.02
26.Dec.2014W,296.9,152.4,1162.9,4.04
02.Jan.2015W,329.9,159.2,1349.3,4.01
09.Jan.2015W,483.8,192.9,2211.4,3.89
16.Jan.2015W,561.9,191.7,2746.1,3.80
23.Jan.2015W,544.2,191.6,2605.4,3.83
30.Jan.2015W,551.2,187.2,2669.9,3.79
06.Feb.2015W,501.8,175.1,2395.8,3.84
13.Feb.2015W,435.6,162.7,2012.8,3.93
20.Feb.2015W,420.3,170.2,1861.8,3.99
27.Feb.2015W,420.7,169.8,1870.3,3.96
06.Mar.2015W,415.4,173.0,1815.3,4.01
13.Mar.2015W,399.3,170.4,1720.3,3.99
20.Mar.2015W,437.1,178.7,1932.5,3.90
27.Mar.2015W,457.0,188.9,2008.7,3.89
03.Apr.2015W,458.9,201.8,1942.2,3.86
10.Apr.2015W,448.2,195.6,1908.1,3.87
17.Apr.2015W,458.4,205.4,1920.1,3.83
24.Apr.2015W,447.9,205.4,1850.0,3.85
01.May.2015W,427.3,207.1,1697.2,3.93
08.May.2015W,412.5,206.7,1596.5,4.00
15.May.2015W,406.5,199.1,1600.6,4.04
22.May.2015W,399.9,201.5,1537.8,4.07
29.May.2015W,369.5,195.4,1360.3,4.02
05.Jun.2015W,400.5,214.3,1455.2,4.17
12.Jun.2015W,378.5,205.4,1354.9,4.22
19.Jun.2015W,384.5,207.8,1379.9,4.19
26.Jun.2015W,366.5,199.2,1307.7,4.26
03.Jul.2015W,383.5,212.4,1342.9,4.23
10.Jul.2015W,376.1,196.4,1392.4,4.23
17.Jul.2015W,376.6,198.3,1384.8,4.23
24.Jul.2015W,379.5,198.1,1406.3,4.17
31.Jul.2015W,397.2,204.6,1488.8,4.13
07.Aug.2015W,397.5,197.4,1534.8,4.13
14.Aug.2015W,411.7,195.3,1646.0,4.11
21.Aug.2015W,412.7,198.7,1629.3,4.08
28.Aug.2015W,459.5,206.9,1902.4,4.08
04.Sep.2015W,430.8,205.0,1713.4,4.10
11.Sep.2015W,400.5,196.3,1557.7,4.09
18.Sep.2015W,456.1,214.2,1833.0,4.09
25.Sep.2015W,425.5,202.1,1695.9,4.08
02.Oct.2015W,534.2,257.4,2106.2,3.99
09.Oct.2015W,387.0,169.6,1631.4,3.99
16.Oct.2015W,432.7,197.4,1774.7,3.95
23.Oct.2015W,417.4,191.2,1707.9,3.98
30.Oct.2015W,414.2,190.0,1692.9,4.01
06.Nov.2015W,408.7,190.1,1656.2,4.12
13.Nov.2015W,433.9,212.8,1694.8,4.18
20.Nov.2015W,419.9,211.7,1612.9,4.14
27.Nov.2015W,418.9,228.1,1516.9,4.12
04.Dec.2015W,424.1,228.2,1570.1,4.14
11.Dec.2015W,419.4,221.7,1592.7,4.14
18.Dec.2015W,450.0,230.8,1764.0,4.16
25.Dec.2015W,371.6,220.8,1272.9,4.19
01.Jan.2016W,328.6,196.2,1114.8,4.20
08.Jan.2016W,398.5,231.1,1380.4,4.12
15.Jan.2016W,434.5,227.3,1638.1,4.06
22.Jan.2016W,472.8,237.8,1822.5,4.02
29.Jan.2016W,460.6,221.1,1827.6,3.97
05.Feb.2016W,503.6,221.6,2117.2,3.91
12.Feb.2016W,544.9,213.3,2456.7,3.83
19.Feb.2016W,521.5,217.9,2267.4,3.85
26.Feb.2016W,496.5,216.7,2104.5,3.83
04.Mar.2016W,497.3,225.7,2055.9,3.89
11.Mar.2016W,481.0,226.3,1940.3,3.94
18.Mar.2016W,465.2,224.0,1845.4,3.93
25.Mar.2016W,460.5,228.6,1784.7,3.94
01.Apr.2016W,472.8,223.1,1906.0,3.86
08.Apr.2016W,520.2,241.9,2122.0,3.82
15.Apr.2016W,526.8,240.8,2177.4,3.83
22.Apr.2016W,505.4,235.0,2067.7,3.85
29.Apr.2016W,488.4,234.7,1953.1,3.87
06.May.2016W,490.5,235.6,1963.1,3.82
13.May.2016W,485.5,224.1,1998.4,3.82
20.May.2016W,496.5,234.9,2005.6,3.85
27.May.2016W,476.1,223.8,1928.2,3.85
03.Jun.2016W,520.4,249.9,2070.8,3.83
10.Jun.2016W,507.7,237.6,2055.4,3.79
17.Jun.2016W,522.2,231.9,2189.4,3.76
24.Jun.2016W,508.4,224.9,2136.4,3.75
01.Jul.2016W,580.8,234.6,2579.9,3.66
08.Jul.2016W,622.4,234.7,2869.8,3.60
15.Jul.2016W,614.3,229.9,2843.7,3.65
22.Jul.2016W,545.8,222.2,2415.5,3.69
29.Jul.2016W,526.8,216.9,2315.2,3.67
05.Aug.2016W,564.0,222.6,2538.3,3.65
12.Aug.2016W,541.5,214.0,2432.8,3.64
19.Aug.2016W,530.1,213.4,2355.2,3.67
26.Aug.2016W,545.2,216.1,2441.7,3.67
02.Sep.2016W,549.9,218.6,2457.8,3.68
09.Sep.2016W,572.9,237.3,2500.5,3.67
16.Sep.2016W,530.8,221.1,2309.6,3.70
23.Sep.2016W,527.1,222.8,2273.2,3.66
30.Sep.2016W,542.2,222.5,2380.1,3.62
07.Oct.2016W,509.6,216.7,2189.8,3.68
14.Oct.2016W,512.9,223.1,2172.5,3.73
21.Oct.2016W,492.0,207.8,2122.5,3.71
28.Oct.2016W,486.2,207.0,2088.0,3.75
04.Nov.2016W,480.5,210.0,2031.9,3.77
11.Nov.2016W,436.3,197.0,1810.1,3.95
18.Nov.2016W,460.3,234.1,1754.2,4.16
25.Nov.2016W,417.2,233.6,1469.9,4.23
02.Dec.2016W,414.1,234.5,1459.3,4.27
09.Dec.2016W,397.5,226.7,1407.0,4.28
16.Dec.2016W,407.3,232.9,1449.4,4.41
23.Dec.2016W,358.0,231.3,1113.2,4.45
30.Dec.2016W,358.5,228.0,1132.0,4.39
06.Jan.2017W,379.2,241.9,1182.3,4.32
13.Jan.2017W,382.2,229.4,1263.2,4.27
20.Jan.2017W,397.4,243.2,1265.6,4.35
27.Jan.2017W,384.7,229.6,1248.4,4.39
03.Feb.2017W,393.6,233.7,1276.4,4.35
10.Feb.2017W,379.0,223.1,1239.6,4.32
17.Feb.2017W,371.5,216.9,1227.6,4.36
24.Feb.2017W,392.9,231.0,1290.8,4.30
03.Mar.2017W,405.7,235.0,1357.6,4.36
10.Mar.2017W,418.1,240.3,1413.3,4.46
17.Mar.2017W,406.8,235.3,1366.1,4.46
24.Mar.2017W,403.6,238.1,1327.1,4.33
31.Mar.2017W,397.1,239.8,1271.9,4.34
07.Apr.2017W,402.9,246.7,1272.3,4.28
14.Apr.2017W,395.6,238.3,1274.5,4.22
21.Apr.2017W,406.2,236.0,1365.8,4.20
28.Apr.2017W,405.8,246.0,1302.0,4.23
05.May.2017W,415.7,250.3,1345.5,4.23
12.May.2017W,398.8,243.6,1269.1,4.23
19.May.2017W,416.2,241.6,1402.0,4.17
26.May.2017W,402.2,238.1,1323.1,4.17
02.Jun.2017W,430.6,261.9,1368.7,4.14
09.Jun.2017W,442.6,254.6,1494.8,4.13
16.Jun.2017W,445.2,252.1,1526.8,4.13
23.Jun.2017W,417.4,241.7,1396.2,4.13
30.Jun.2017W,423.3,249.1,1391.0,4.20
07.Jul.2017W,391.9,242.8,1210.5,4.22
14.Jul.2017W,416.7,245.5,1367.8,4.22
21.Jul.2017W,418.5,240.1,1414.3,4.17
28.Jul.2017W,406.6,235.4,1361.0,4.17
04.Aug.2017W,418.7,237.3,1433.2,4.14
11.Aug.2017W,419.1,233.8,1455.9,4.12
18.Aug.2017W,416.8,230.4,1459.9,4.12
25.Aug.2017W,407.2,224.1,1430.3,4.11
01.Sep.2017W,420.5,227.3,1502.6,4.06
08.Sep.2017W,462.1,252.0,1636.8,4.03
15.Sep.2017W,417.5,224.7,1497.8,4.04
22.Sep.2017W,415.6,231.0,1445.6,4.11
29.Sep.2017W,414.0,233.4,1419.2,4.12
06.Oct.2017W,405.2,233.2,1359.2,4.16
13.Oct.2017W,419.7,242.9,1399.6,4.14
20.Oct.2017W,400.3,228.0,1357.6,4.18
27.Oct.2017W,389.8,226.1,1297.0,4.22
03.Nov.2017W,389.7,227.2,1290.8,4.18
10.Nov.2017W,401.7,228.2,1371.6,4.18
17.Nov.2017W,402.3,240.4,1306.1,4.20
24.Nov.2017W,390.0,244.7,1205.1,4.20
01.Dec.2017W,408.3,250.6,1313.9,4.19
08.Dec.2017W,398.8,247.9,1281.0,4.20
15.Dec.2017W,379.2,234.3,1240.5,4.16
22.Dec.2017W,366.1,237.2,1135.7,4.25
29.Dec.2017W,360.4,231.1,1130.4,4.22
05.Jan.2018W,390.2,242.7,1259.2,4.23
12.Jan.2018W,406.3,249.2,1314.0,4.33
19.Jan.2018W,424.4,264.4,1325.8,4.36
26.Jan.2018W,413.4,255.5,1288.0,4.41
02.Feb.2018W,416.3,255.4,1299.3,4.50
09.Feb.2018W,399.4,240.4,1274.0,4.57
16.Feb.2018W,372.9,225.5,1183.1,4.64
23.Feb.2018W,382.9,239.4,1168.5,4.64
02.Mar.2018W,384.1,238.3,1185.7,4.65
09.Mar.2018W,387.4,246.5,1159.3,4.69
16.Mar.2018W,383.0,249.9,1107.7,4.68
23.Mar.2018W,401.3,257.6,1188.5,4.69
30.Mar.2018W,388.1,252.3,1130.1,4.69
06.Apr.2018W,380.6,247.3,1110.8,4.66
13.Apr.2018W,399.4,262.4,1149.5,4.66
20.Apr.2018W,398.5,262.4,1145.5,4.73
27.Apr.2018W,388.6,258.1,1104.9,4.80
04.May.2018W,387.1,257.7,1098.4,4.78
11.May.2018W,376.5,252.4,1057.1,4.77
18.May.2018W,366.7,247.4,1018.1,4.86
25.May.2018W,356.1,242.7,970.7,4.84
01.Jun.2018W,370.8,252.8,1007.3,4.75
08.Jun.2018W,365.3,249.0,992.2,4.83
15.Jun.2018W,384.1,259.6,1052.3,4.83
22.Jun.2018W,365.3,244.3,1015.9,4.84
29.Jun.2018W,363.6,245.5,996.0,4.79
06.Jul.2018W,372.6,261.5,958.5,4.76
13.Jul.2018W,363.3,247.9,979.6,4.77
20.Jul.2018W,362.4,245.5,988.6,4.77
27.Jul.2018W,353.1,237.9,971.3,4.84
03.Aug.2018W,342.5,233.1,927.6,4.84
10.Aug.2018W,335.8,225.5,927.5,4.81
17.Aug.2018W,349.9,232.1,982.7,4.81
24.Aug.2018W,344.0,230.1,952.9,4.78
31.Aug.2018W,343.5,231.4,940.0,4.80
07.Sep.2018W,337.4,233.5,884.3,4.84
14.Sep.2018W,342.7,234.2,917.1,4.88
21.Sep.2018W,352.5,240.4,946.8,4.97
28.Sep.2018W,352.6,240.7,945.9,4.96
05.Oct.2018W,346.7,238.0,921.2,5.05
12.Oct.2018W,322.1,224.0,838.1,5.10
19.Oct.2018W,337.8,228.4,919.6,5.11
26.Oct.2018W,329.5,224.9,884.2,5.11
02.Nov.2018W,327.2,226.1,861.8,5.15
09.Nov.2018W,316.7,220.8,824.7,5.17
16.Nov.2018W,316.4,227.7,783.7,5.16
23.Nov.2018W,333.7,247.8,787.7,5.12
30.Nov.2018W,340.5,249.9,836.4,5.08
07.Dec.2018W,346.0,256.1,851.6,4.96
14.Dec.2018W,325.9,238.6,832.2,4.94
21.Dec.2018W,321.2,236.9,816.0,4.86
28.Dec.2018W,293.8,219.0,729.9,4.84
04.Jan.2019W,362.7,255.2,987.9,4.74
11.Jan.2019W,411.8,278.5,1172.4,4.74
18.Jan.2019W,400.6,272.5,1110.5,4.75
25.Jan.2019W,388.7,266.2,1049.9,4.76
01.Feb.2019W,378.9,253.1,1053.4,4.69
08.Feb.2019W,352.6,228.9,1019.2,4.65
15.Feb.2019W,365.3,232.7,1084.4,4.66
22.Feb.2019W,384.8,247.0,1133.8,4.65
01.Mar.2019W,375.3,240.5,1110.9,4.67
08.Mar.2019W,384.0,250.8,1108.3,4.64
15.Mar.2019W,390.0,251.5,1146.8,4.55
22.Mar.2019W,424.6,267.5,1289.5,4.45
29.Mar.2019W,503.6,276.6,1786.0,4.36
05.Apr.2019W,475.6,278.1,1582.6,4.40
12.Apr.2019W,459.0,280.7,1453.0,4.44
19.Apr.2019W,425.6,269.3,1293.0,4.46
26.Apr.2019W,407.2,259.4,1228.3,4.42